0,0,0,0,0,0,0,0,0,0,0,0,0,0,0,0,0,0,0,0,0,0,0,0,0,0,0,0,0,0,0,0,0,0,0,0,0,0,0,0,0,0,0,0,0,0,0,0,0,0,0,0,0,0,0,0,0,0,0,0,0,0,0,0,0,0,0,0,0,0,0,0,0,0,0,0,0,0,0,0,0,0,0,0,0,0,0,0,0,0,0,0,0,0,0,0,0,0,0,0,0,0,0,0,0,0,0,0,0,0
0,0,0,0,0,0,0,0,0,0,0,0,0,0,0,0,0,0,0,0,0,0,0,0,0,0,0,0,0,0,0,0,0,0,0,0,0,0,0,0,0,0,0,0,0,0,0,0,0,0,0,0,0,0,0,0,0,0,0,0,0,0,0,0,0,0,0,0,0,0,0,0,0,0,0,0,0,0,0,0,0,0,0,0,0,0,0,0,0,0,0,0,0,0,0,0,0,0,0,0,0,0,0,0,0,0,0,0,0,0
0,0,0,0,0,0,0,0,0,0,0,0,0,0,0,0,0,0,0,0,0,0,0,0,0,0,0,0,0,0,0,0,0,0,0,0,0,0,0,0,0,0,0,0,0,0,0,0,0,26.190729,26.351055,26.569141,27.138083,27.301201,27.322987,27.250401,27.493935,27.33025,27.388393,27.123606,27.232269,26.286869,0,26.269053,0,0,0,0,0,0,0,0,0,0,0,0,0,0,0,0,0,0,0,0,0,0,0,0,0,0,0,0,0,0,0,0,0,0,0,0,0,0,0,0,0,0,0,0,0,0
0,0,0,0,0,0,0,0,0,0,0,0,0,0,0,0,0,0,0,0,0,0,0,0,0,0,0,0,0,0,0,0,0,0,0,0,0,0,0,0,0,0,0,0,26.554815,26.845676,28.054081,28.731462,28.917953,29.594395,29.590614,29.488646,29.530167,30.604872,30.106977,30.551048,30.455059,30.828379,31.134178,30.397539,30.21768,29.988873,29.432076,28.944111,28.642162,27.995239,27.789783,26.676718,0,0,0,0,0,0,0,0,0,0,0,0,0,0,0,0,0,0,0,0,0,0,0,0,0,0,0,0,0,0,0,0,0,0,0,0,0,0,0,0,0,0
0,0,0,0,0,0,0,0,0,0,0,0,0,0,0,0,0,0,0,0,0,0,0,0,0,0,0,0,0,0,0,0,0,0,0,0,0,0,0,0,27.145321,27.432041,28.386206,29.056351,29.146299,29.901402,29.855816,31.235167,31.083748,31.122536,32.104485,32.361416,32.460526,32.230839,32.120266,32.718971,32.57967,32.91053,32.986519,32.215027,32.818665,33.034565,32.484333,32.084766,31.931183,31.445461,30.940451,29.836832,29.469784,28.46769,27.56319,26.712622,0,0,0,0,0,0,0,0,0,0,0,0,0,0,0,0,0,0,0,0,0,0,0,0,0,0,0,0,0,0,0,0,0,0,0,0,0,0
0,0,0,0,0,0,0,0,0,0,0,0,0,0,0,0,0,0,0,0,0,0,0,0,0,0,0,0,0,0,0,0,0,0,0,0,0,26.533331,27.232269,28.256813,29.266453,30.133678,30.007906,30.909513,31.134178,31.601717,31.899727,32.714985,32.369339,33.018543,32.894543,32.846607,33.396095,35.874035,33.291431,34.268414,33.804352,34.395206,33.885517,34.641338,34.325642,34.235737,34.391109,34.37883,34.8307,33.966789,34.129646,32.990524,32.512127,32.139996,30.998503,30.190939,28.582706,27.196024,26.140947,0,0,0,0,0,0,0,0,0,0,0,0,0,0,0,0,0,0,0,0,0,0,0,0,0,0,0,0,0,0,0,0,0,0,0
0,0,0,0,0,0,0,0,0,0,0,0,0,0,0,0,0,0,0,0,0,0,0,0,0,0,0,0,0,0,0,0,0,0,26.272615,26.921335,27.940134,28.712847,29.549049,30.897915,31.429859,31.103138,32.151836,31.746616,32.607506,33.154839,33.082645,33.492863,33.541302,33.650433,33.844921,33.57766,34.526356,33.946461,34.346096,34.325642,34.612576,35.169666,34.826576,34.855438,35.041306,34.933849,35.206982,34.880188,35.42717,35.148945,35.4688,35.285828,35.443817,34.768887,33.492863,32.858589,31.723095,31.07987,29.319099,28.02833,26.630075,0,0,0,0,0,0,0,0,0,0,0,0,0,0,0,0,0,0,0,0,0,0,0,0,0,0,0,0,0,0,0,0,0
0,0,0,0,0,0,0,0,0,0,0,0,0,0,0,0,0,0,0,0,0,0,0,0,0,0,0,0,0,0,0,0,26.21208,27.293941,28.616142,29.776127,30.267372,30.882456,31.699583,31.935118,32.547874,32.305984,32.551849,33.363873,33.375954,33.605949,34.186749,34.194912,34.003395,34.011532,34.51405,34.166351,34.921463,34.880188,34.826576,34.612576,35.211128,35.802826,35.227722,35.485458,36.172283,36.07972,36.130192,36.497307,36.168072,36.374702,36.531166,36.446545,36.109158,36.421181,36.083923,35.903378,34.723598,34.064453,32.663212,31.92725,30.11842,28.242044,26.809683,0,0,0,0,0,0,0,0,0,0,0,0,0,0,0,0,0,0,0,0,0,0,0,0,0,0,0,0,0,0,0
0,0,0,0,0,0,0,0,0,0,0,0,0,0,0,0,0,0,0,0,0,0,0,0,0,0,0,0,0,0,26.315388,27.410213,28.138771,29.469784,30.340078,31.605627,32.294113,32.440689,32.942513,33.098679,33.52919,33.058601,33.094669,33.634254,33.918015,33.561497,34.346096,34.616684,34.579716,34.616684,34.657784,34.83482,35.485458,35.248466,34.971024,35.298286,35.664829,35.894993,35.786083,36.067108,36.10495,36.27763,36.552341,37.036972,36.913345,36.858002,36.998581,36.819717,37.499443,37.982506,37.697414,38.286221,37.469368,36.159653,35.568825,34.954498,33.767864,32.329735,30.666445,28.712847,27.188778,0,0,0,0,0,0,0,0,0,0,0,0,0,0,0,0,0,0,0,0,0,0,0,0,0,0,0,0,0
0,0,0,0,0,0,0,0,0,0,0,0,0,0,0,0,0,0,0,0,0,0,0,0,0,0,0,0,26.002504,27.159803,28.401012,29.228878,30.501114,31.087626,32.029591,32.718971,32.786743,33.351791,33.57362,34.53046,33.840866,33.432365,33.983055,34.198994,33.804352,34.243904,34.563293,34.71537,35.277523,34.678345,35.294136,36.5354,35.61055,35.389725,36.117569,36.501537,36.378925,36.510002,36.433861,36.455002,36.998581,36.353588,37.744843,37.822529,37.568233,37.52523,37.857086,38.386318,38.299267,38.8452,38.972492,38.718143,38.770691,38.560757,37.991161,37.302063,36.811211,35.723339,34.158192,32.707016,30.654894,28.452866,26.888897,0,0,0,0,0,0,0,0,0,0,0,0,0,0,0,0,0,0,0,0,0,0,0,0,0,0,0
0,0,0,0,0,0,0,0,0,0,0,0,0,0,0,0,0,0,0,0,0,0,0,0,0,0,0,27.101898,27.932791,28.791073,30.267372,31.919386,32.04929,32.754841,32.978516,33.28339,33.597866,33.974922,34.256157,34.509949,34.719482,34.781246,34.703026,35.066132,35.281677,35.066132,35.878223,35.819576,35.285828,36.168072,35.832138,35.714977,36.315598,36.577759,36.692257,36.3367,36.981525,37.302063,37.032703,37.007111,37.267799,38.03447,38.073475,37.900307,37.826847,38.871517,38.626289,38.560757,38.81451,39.55497,39.865902,39.501808,39.439838,39.245453,39.4133,38.915401,38.748791,38.221024,37.263515,35.614723,34.16227,32.041409,30.512634,28.649599,26.383179,0,0,0,0,0,0,0,0,0,0,0,0,0,0,0,0,0,0,0,0,0,0,0,0,0
0,0,0,0,0,0,0,0,0,0,0,0,0,0,0,0,0,0,0,0,0,0,0,0,0,26.226316,27.753174,29.075077,29.564161,31.037235,31.935118,33.146812,33.130764,33.28339,33.893639,34.534561,34.219402,34.661896,34.612576,35.074406,35.119949,35.24017,35.773529,35.298286,35.472965,36.311378,35.899185,36.319817,36.218613,35.777714,37.036972,36.904827,37.254951,37.7621,37.404968,37.857086,38.138527,38.547661,38.251442,37.857086,38.68314,38.648148,38.395027,38.792595,38.268829,38.840813,39.22781,39.082424,39.541676,39.816948,40.097809,40.568489,39.883713,40.654003,40.649502,40.983559,39.995136,39.950546,39.519524,37.960865,36.985786,35.589684,34.023739,31.43766,29.28525,27.348413,0,0,0,0,0,0,0,0,0,0,0,0,0,0,0,0,0,0,0,0,0,0,0,0
0,0,0,0,0,0,0,0,0,0,0,0,0,0,0,0,0,0,0,0,0,0,0,0,27.101898,28.050402,29.507515,30.493435,31.860432,32.460526,33.279369,33.46059,34.133724,34.011532,34.060379,35.074406,34.731831,34.764771,34.995823,34.900822,35.52713,35.777714,35.61055,35.568825,36.062904,36.020885,36.227043,37.054043,36.459232,37.242111,36.70499,37.417843,37.310635,37.848446,37.783676,38.177589,38.286221,38.963707,38.381962,38.325371,38.68314,38.377609,38.919792,38.941746,39.665852,39.688053,39.794708,39.643661,40.267776,40.586483,40.254341,40.563992,40.366371,40.420212,41.305599,40.847935,40.303612,40.411236,39.76358,39.928261,38.862743,38.056137,36.785702,34.723598,33.082645,31.091503,28.657036,26.048613,0,0,0,0,0,0,0,0,0,0,0,0,0,0,0,0,0,0,0,0,0,0
0,0,0,0,0,0,0,0,0,0,0,0,0,0,0,0,0,0,0,0,0,0,26.062807,27.301201,28.54558,29.776127,31.145821,32.128155,33.275349,34.744183,33.938332,34.966892,34.432064,34.649559,34.489441,34.633121,35.281677,35.406364,35.635597,35.306595,36.096539,36.721977,36.205975,36.252331,36.845238,36.357811,36.777203,37.118095,37.314919,37.42643,37.499443,37.477959,38.495289,38.164566,38.090816,38.151546,38.770691,39.210171,39.056026,39.016445,39.612606,39.30283,39.656975,39.86145,40.626987,40.115681,40.406746,41.301052,40.9338,42.013866,41.051472,41.638275,41.164806,42.004681,42.018459,41.945007,41.784607,42.216232,42.009274,41.328335,40.780224,39.888168,39.497379,38.373253,36.324039,34.154114,32.167629,29.560383,26.583473,0,0,0,0,0,0,0,0,0,0,0,0,0,0,0,0,0,0,0,0,0
0,0,0,0,0,0,0,0,0,0,0,0,0,0,0,0,0,0,0,0,0,26.479656,27.56319,29.428307,30.474243,31.633017,32.520069,33.65448,34.097042,34.325642,34.489441,34.962761,35.194542,34.805965,34.925591,34.983421,35.389725,35.522961,35.894993,35.302441,36.404274,36.62014,36.349365,36.374702,36.603184,37.319202,37.280647,37.952209,37.602657,37.563934,37.818211,38.438602,38.490929,39.100033,38.299267,39.241043,39.020844,39.404457,39.612606,40.138023,40.663013,39.563831,40.231956,40.563992,40.771198,40.775711,41.287418,41.734272,41.237438,41.478577,41.410244,41.37838,42.179398,42.373009,42.428425,42.567154,42.594933,41.857887,42.45615,42.659794,42.599564,41.802921,41.761723,40.739628,39.870358,38.190617,35.698257,32.882557,29.783712,27.486649,0,0,0,0,0,0,0,0,0,0,0,0,0,0,0,0,0,0,0,0
0,0,0,0,0,0,0,0,0,0,0,0,0,0,0,0,0,0,0,0,26.651598,27.52673,29.590614,31.188536,32.013832,33.40818,33.836807,34.801846,34.526356,34.851315,34.983421,35.323212,35.364773,35.352303,35.861462,36.176495,36.281849,36.446545,36.197552,36.883541,36.853748,36.823971,36.858002,37.032703,37.075386,37.118095,37.904629,37.878693,38.47784,38.46476,38.46476,38.858356,38.796978,38.757549,39.33374,38.950531,39.768028,41.114918,40.559494,41.401138,40.640495,40.739628,40.866005,42.124176,41.096783,41.606304,41.437569,41.629139,41.949596,41.241982,42.33609,42.018459,42.548641,42.854729,43.13414,43.026901,42.687607,42.803623,42.817558,43.166809,43.602268,43.311665,42.604195,42.087387,42.018459,40.775711,39.320492,36.679523,33.392067,30.967535,27.410213,0,0,0,0,0,0,0,0,0,0,0,0,0,0,0,0,0,0,0
0,0,0,0,0,0,0,0,0,0,0,0,0,0,0,0,0,0,26.219198,26.798891,27.943806,29.68519,31.169115,32.655251,33.715195,34.427967,34.859562,34.801846,35.215275,35.306595,35.377247,36.100746,36.117569,35.886608,36.577759,36.130192,36.290283,36.497307,36.692257,37.362072,37.413551,37.512337,37.555328,37.435013,37.753471,37.852764,37.572536,38.981281,38.968102,38.783833,38.810127,39.382351,39.475243,39.373508,39.612606,40.057613,40.433678,40.595482,40.852451,40.577484,41.173882,41.192036,40.843418,42.018459,41.46946,40.947369,42.073597,42.45615,42.326862,42.789692,42.901222,42.766476,42.961704,43.419331,43.635151,43.274254,43.480259,43.124805,44.205959,44.187016,43.988426,44.466915,43.752716,43.250885,43.837482,42.789692,41.219273,39.928261,36.598946,34.170429,30.92498,28.415823,0,0,0,0,0,0,0,0,0,0,0,0,0,0,0,0,0,0
0,0,0,0,0,0,0,0,0,0,0,0,0,0,0,0,0,26.140947,27.359314,28.865673,29.985067,31.558706,33.050587,34.321552,34.468945,34.838943,35.398045,35.991489,35.836327,36.088127,36.2439,36.142815,36.594707,36.23547,36.3367,36.819717,37.075386,37.753471,37.844124,37.362072,38.077808,38.043137,37.503738,38.138527,38.46912,37.960865,38.959316,38.260132,38.946136,39.245453,39.095631,39.537243,40.214054,39.759136,40.263298,40.53701,40.496555,41.382931,41.41935,41.382931,41.437569,40.802788,42.091984,42.013866,42.165588,42.46077,42.664429,42.706158,43.073505,43.278931,43.470882,43.44276,43.592873,43.960098,44.277035,44.329205,44.215431,43.64925,44.685894,45.241032,45.07309,44.967724,45.433441,46.067112,44.948582,44.647762,43.19482,42.349934,40.223007,38.547661,35.643948,31.231279,28.471395,26.308256,0,0,0,0,0,0,0,0,0,0,0,0,0,0,0,0
0,0,0,0,0,0,0,0,0,0,0,0,0,0,0,0,26.062807,26.939365,28.475103,30.190939,31.535259,32.464493,33.61808,35.398045,35.260918,35.148945,36.340919,35.882416,36.943165,36.683769,36.345142,36.480381,36.493073,37.207874,36.887798,37.058311,37.809574,37.727592,37.848446,38.408096,38.004154,39.047226,38.264481,39.086826,39.082424,38.656895,39.990677,39.91935,39.723583,40.236435,39.488525,40.667519,40.173794,41.019772,41.151196,41.387482,41.328335,41.078655,41.693115,41.702259,41.986313,42.271526,42.073597,41.972542,42.729351,43.330379,43.232193,42.845432,43.325699,43.922348,43.922348,43.964821,44.543007,44.229645,44.724045,46.081684,45.149815,45.231426,45.351604,45.231426,46.013691,46.422588,45.931213,48.44096,45.931213,45.505722,45.399731,43.799797,42.822201,40.902153,38.060471,35.132374,31.425959,27.965843,26.215639,0,0,0,0,0,0,0,0,0,0,0,0,0,0,0
0,0,0,0,0,0,0,0,0,0,0,0,0,0,0,0,27.022379,28.426933,29.871006,31.63693,33.102692,33.545341,35.215275,35.752613,35.974697,36.138607,36.27763,36.565048,36.700748,36.87077,37.289211,36.62862,37.581142,37.956535,37.714657,37.52953,38.116837,38.552025,38.438602,38.212334,38.556393,39.510666,39.267513,39.148472,39.369091,40.321537,39.91935,40.663013,40.541504,41.565224,40.608982,40.690044,41.205654,41.305599,41.392033,42.493134,41.683971,42.280746,42.046021,42.664429,42.984982,43.031559,43.353779,43.115479,43.950661,43.65395,43.686855,44.343437,43.635151,44.362419,44.433651,43.832771,45.010807,45.001232,44.886406,45.693989,46.086544,45.399731,46.232464,46.183792,47.123882,47.118954,46.917225,46.716038,47.345928,47.405251,46.804298,46.451881,45.125832,42.989639,41.137589,38.129848,35.03717,32.278286,28.419525,0,0,0,0,0,0,0,0,0,0,0,0,0,0,0
0,0,0,0,0,0,0,0,0,0,0,0,0,0,0,26.968225,28.179319,30.087912,31.781914,33.476723,34.292934,35.182102,35.464638,35.878223,35.941124,36.408501,36.319817,37.237831,36.926125,37.383518,37.568233,37.165108,37.654327,38.242748,37.934902,38.665642,38.255787,38.613178,38.823277,39.674732,39.745804,39.865902,39.799156,39.448689,40.205105,40.04422,40.879559,41.046944,41.219273,40.9338,40.938324,41.319241,41.752571,42.557899,41.876221,41.940422,42.377625,42.687607,43.255558,43.222847,43.61166,42.891918,43.349098,42.961704,44.305485,43.898766,44.485931,44.016762,44.657295,44.766987,45.231426,44.962936,45.077881,46.033112,46.15947,46.295784,45.965164,46.696438,46.799393,46.76506,47.217556,46.15947,47.489372,48.280701,48.125771,48.325741,48.035954,47.178101,46.676846,46.305531,43.832771,41.187496,38.924183,35.124088,31.836864,27.833748,0,0,0,0,0,0,0,0,0,0,0,0,0,0
0,0,0,0,0,0,0,0,0,0,0,0,0,0,26.226316,28.356604,29.779921,31.919386,32.814674,34.933849,34.863689,35.790272,36.100746,36.366257,36.450775,36.955948,37.36636,37.135185,37.190765,36.921864,37.628487,37.796623,37.848446,38.61755,38.726898,39.37793,38.823277,38.880291,39.15728,39.572697,39.879261,39.843647,40.366371,40.093342,40.40226,40.568489,41.028828,41.065063,41.364727,41.752571,41.423904,42.124176,42.710796,42.137978,42.850082,42.581043,42.812912,43.330379,44.073467,43.762131,43.606964,44.059288,44.319717,44.092381,44.367168,44.991657,45.034756,45.029964,45.241032,45.582901,48.822926,46.140015,46.042824,46.740543,46.686642,46.510502,46.760155,46.212994,47.345928,47.464622,47.514133,47.976135,48.140751,48.365799,48.425922,47.821823,48.762489,47.742298,48.035954,48.777592,46.432354,44.409901,41.945007,38.805744,34.58382,30.828379,27.73122,0,0,0,0,0,0,0,0,0,0,0,0,0
0,0,0,0,0,0,0,0,0,0,0,0,0,0,26.867283,29.4811,31.496201,33.319595,34.653671,35.777714,35.832138,36.387375,36.721977,36.858002,37.190765,37.813892,37.60696,38.207989,37.865726,37.934902,37.662941,37.991161,38.595699,38.840813,38.83643,39.457539,39.563831,38.981281,39.688053,39.732471,40.155907,40.173794,40.590981,39.76358,41.019772,41.560661,41.423904,41.083187,41.647411,42.50238,42.428425,42.308411,42.696884,42.738632,43.762131,43.302311,43.856335,43.818638,44.026211,44.144417,44.728813,44.982082,44.348183,44.967724,45.130627,45.00602,45.418991,45.18821,46.037968,45.994278,46.086544,46.897575,46.466534,46.96146,47.306404,46.96146,47.261967,47.791992,47.553764,47.104176,47.866592,47.911385,48.571419,49.460384,49.918941,49.663853,49.206795,49.404522,49.17136,49.663853,48.626678,47.306404,44.743126,41.192036,37.671558,34.256157,30.24061,26.70903,0,0,0,0,0,0,0,0,0,0,0,0
0,0,0,0,0,0,0,0,0,0,0,0,26.002504,27.044054,28.720291,30.785925,33.062607,34.826576,35.790272,36.058701,36.607422,36.721977,37.058311,37.826847,37.276363,37.422138,37.7621,38.47784,38.125511,38.09515,38.582596,38.691887,38.792595,39.683613,39.012047,39.74136,39.736916,40.066544,40.142494,40.554996,40.384312,40.947369,40.352917,40.572987,41.967953,42.211628,41.706829,42.530132,42.590302,42.004681,43.311665,43.017586,42.989639,43.480259,43.480259,43.941223,43.724483,44.919876,44.41465,44.187016,44.633469,44.371914,45.255447,45.457527,45.558773,45.698822,46.261684,46.125427,45.882736,47.104176,47.128807,47.538898,47.000805,47.089397,47.876541,47.702568,48.345768,49.358849,48.310726,48.215691,48.928802,48.385834,49.704613,49.58749,50.256939,50.452209,50.529423,50.123615,50.400776,50.74086,50.575787,48.606579,46.608307,44.00259,41.046944,37.280647,33.331665,29.258936,26.515434,0,0,0,0,0,0,0,0,0,0,0
0,0,0,0,0,0,0,0,0,0,0,0,27.52673,28.360304,30.049799,32.635353,34.855438,35.694077,36.256546,36.581993,36.662552,37.028439,37.17366,37.36636,38.069138,38.051804,38.364544,38.164566,38.03014,38.578228,39.342579,39.346996,42.156384,39.49295,40.124615,40.294651,40.379829,40.983559,40.622486,40.793762,40.956413,41.065063,41.164806,41.620007,42.419186,42.276134,42.193207,42.780403,42.738632,42.817558,43.400597,43.424019,43.771545,43.748009,43.988426,44.182281,44.504951,45.965164,45.578075,45.602211,45.452709,45.471981,46.398186,45.98457,46.569168,46.18866,46.261684,46.554501,46.990967,47.296528,47.831768,48.075859,47.425037,48.011024,47.961189,48.115784,48.055904,48.70713,49.075256,49.847435,49.206795,48.923759,49.990517,51.529697,50.560329,51.487984,50.813187,51.634075,51.472347,51.618412,51.06686,53.659561,49.455303,46.598522,44.012039,41.069592,36.26498,32.05323,28.090887,0,0,0,0,0,0,0,0,0,0,0
0,0,0,0,0,0,0,0,0,0,0,27.015156,28.124033,29.371794,31.640844,34.080746,34.900822,35.987289,37.396389,36.887798,37.486549,37.293495,37.701725,36.798454,38.486565,38.294918,38.517105,38.316669,38.718143,38.761929,39.241043,39.963921,39.643661,39.648098,40.290173,40.703564,40.690044,40.897633,41.051472,40.631489,41.816658,41.483131,42.170189,42.280746,42.53476,42.428425,43.008266,43.292957,43.264904,42.994297,43.677452,44.101841,44.059288,44.073467,44.800404,44.182281,44.724045,45.423809,45.481621,45.994278,46.349407,46.412827,46.417709,46.54961,47.227421,47.104176,47.271839,47.504227,47.991085,47.345928,47.841717,48.060894,48.928802,48.471046,48.576443,48.883408,49.17136,50.051918,49.191605,50.256939,49.898506,51.144676,51.425453,51.196598,52.2001,53.483036,51.712452,51.566216,52.352768,52.892056,52.447674,53.938503,50.591248,49.714806,46.83374,44.604889,39.501808,35.72752,31.301291,27.672718,0,0,0,0,0,0,0,0,0,0
0,0,0,0,0,0,0,0,0,0,26.493965,27.698305,29.447155,30.88632,33.050587,35.756794,36.594707,36.531166,37.169384,37.182213,37.684486,37.779358,38.164566,38.334076,38.181934,38.994465,38.801361,38.277523,39.537243,39.937176,39.999599,39.79026,40.048687,39.696934,40.442657,40.69455,40.9338,41.437569,41.542412,41.629139,42.046021,42.650524,41.981724,42.929131,43.012924,43.541237,43.894051,43.395912,43.823349,43.381866,44.111298,44.771759,44.891186,44.766987,44.98687,45.457527,46.344532,46.329903,46.54961,46.354282,46.495842,46.437233,47.030323,47.782051,47.77211,47.15345,48.160728,48.491112,48.330746,48.430935,48.556355,47.588459,48.44096,48.300716,48.99947,49.313202,49.414677,50.174866,49.852539,50.077518,50.431629,51.264145,51.895626,51.759514,51.811836,52.823124,52.268501,52.685432,52.929199,53.120483,53.434959,52.65369,51.900867,50.901104,49.592579,46.315281,43.560009,38.508377,34.382923,29.791298,26.691076,0,0,0,0,0,0,0,0,0
0,0,0,0,0,0,0,0,0,26.979052,27.279423,29.026398,30.963665,32.978516,33.832748,35.936928,37.413551,37.991161,37.969521,37.693104,38.038803,37.792309,38.321022,38.670013,39.007652,38.932964,39.546104,40.173794,39.519524,40.012981,40.326019,40.06208,40.312576,40.397774,41.414799,41.455791,41.392033,41.697685,42.345318,42.276134,42.354546,43.592873,42.414566,43.621056,42.73399,44.059288,44.409901,44.319717,44.891186,44.633469,44.719273,45.159412,45.269863,45.563599,45.462345,45.98457,46.198391,46.627884,47.340988,47.173168,46.902485,47.074627,47.633091,48.220692,48.646786,48.646786,48.812847,50.596401,49.25238,48.848122,48.8582,49.318272,48.712162,49.009571,49.282784,50.005863,50.09288,51.675865,50.174866,50.663437,50.735695,50.839035,52.047718,51.389,52.945122,53.643497,53.136444,53.152409,53.664917,54.223785,53.595325,54.16988,53.890156,53.445641,51.623634,50.144112,45.99913,42.119576,37.357784,32.27433,28.671913,26.269053,0,0,0,0,0,0,0,0
0,0,0,0,0,0,0,0,26.123178,26.558395,28.571566,30.271196,32.108429,34.088894,35.119949,38.495289,38.177589,38.911011,38.064804,38.552025,38.604439,38.705017,38.818893,38.700638,39.444263,39.905983,39.550537,39.665852,39.559399,40.541504,40.856968,41.178421,41.364727,41.056,41.533287,41.382931,41.661118,42.091984,42.32225,42.659794,42.655159,43.569397,43.386547,43.292957,43.941223,44.419399,44.400402,43.409966,44.838615,44.819508,45.568424,45.57325,45.955463,45.858513,46.256813,47.56863,47.365696,47.360756,47.538898,47.538898,47.787022,47.777081,48.345768,48.601555,48.65181,49.049984,49.546795,48.817886,49.65876,49.832119,49.323341,50.74086,50.010979,51.238159,49.837223,50.344238,51.373383,50.932156,51.087605,51.129108,51.435871,51.754284,52.131752,52.516289,53.24826,53.301559,53.917011,54.078327,54.472191,54.612926,55.00391,54.353294,54.401913,54.353294,53.338886,51.592308,48.601555,45.154613,40.366371,36.075516,31.072117,27.029602,0,0,0,0,0,0,0,0
0,0,0,0,0,0,0,0,26.483234,28.375103,29.829241,32.05323,33.440426,34.785366,36.159653,37.340633,38.09515,39.76358,38.915401,38.994465,39.400032,39.27634,39.060425,39.285168,39.639225,39.950546,39.834747,40.138023,40.415722,41.015244,41.151196,40.834389,41.885387,41.972542,41.688541,41.940422,42.239265,42.419186,42.864025,42.998955,43.204163,43.578789,44.03566,44.191753,44.158615,44.977295,45.173809,45.438255,45.217018,45.790722,46.003983,46.398186,46.140015,46.115707,46.495842,47.996071,47.801933,47.524036,48.646786,48.601555,52.865536,48.260693,48.541294,48.586487,49.414677,49.730095,49.633301,49.760689,50.385349,50.709881,50.802849,50.529423,50.447063,50.694397,53.136444,51.284939,51.404621,51.212181,51.811836,52.084473,52.553257,52.447674,53.429619,53.573925,54.213001,53.338886,54.288513,55.254673,55.069256,55.890396,55.069256,54.938618,55.709049,54.591259,54.927742,53.184345,50.694397,47.306404,43.419331,39.060425,33.066612,29.28149,0,0,0,0,0,0,0,0
0,0,0,0,0,0,0,26.108967,27.381123,29.428307,31.107018,33.311546,35.273373,35.593857,36.747459,38.705017,39.285168,39.316074,39.214581,39.400032,39.298412,39.205761,39.661415,39.79026,40.290173,40.343952,41.442123,40.263298,40.929279,41.725124,41.679401,41.615437,41.894558,41.876221,42.179398,42.761837,42.590302,42.882622,43.022243,43.424019,44.262814,43.993149,43.625755,45.044338,44.604889,44.704967,45.549126,45.154613,45.645672,46.422588,46.325027,47.035244,47.183029,47.104176,47.479473,47.15345,48.506161,48.601555,49.303062,48.722225,48.541294,48.430935,49.679134,50.174866,50.067276,49.55188,49.516285,50.241543,50.761517,50.477936,51.383793,51.623634,51.383793,52.131752,52.089725,52.194839,52.352768,52.016228,52.807224,52.976978,53.467007,53.895527,54.585846,54.342495,54.293911,55.923409,55.879395,55.615784,55.232838,55.331142,56.187984,55.807919,56.017017,55.424091,55.906898,54.072945,53.413601,49.842327,46.105984,41.734272,36.421181,31.010118,27.083817,0,0,0,0,0,0,0
0,0,0,0,0,0,0,26.698257,28.065119,29.688976,32.512127,33.853039,35.999886,36.543873,37.362072,38.199303,39.426567,39.042828,39.161686,40.326019,39.772472,39.541676,40.622486,40.685539,40.811813,41.301052,41.332882,41.478577,41.228355,41.79834,42.147179,42.414566,42.437664,43.269581,42.608826,43.199493,43.246208,43.503704,43.748009,43.592873,43.870476,45.068298,44.500195,45.549126,45.116238,45.394917,45.332363,46.37867,45.921516,47.237289,47.227421,46.946712,46.981129,47.178101,48.190704,48.045929,48.571419,48.91367,49.292923,49.115704,49.368996,49.612938,50.026329,49.597668,50.565479,50.077518,50.359653,50.782181,51.238159,50.839035,51.838013,52.410755,52.310623,52.031971,52.142265,52.263237,52.759544,53.061989,53.520451,53.868679,54.483009,54.024521,54.9767,55.342072,55.840897,56.342709,55.774948,56.276363,56.342709,56.70298,56.392502,57.081524,56.986729,57.042477,56.947727,56.936588,54.455967,52.801926,49.313202,44.695427,39.923805,33.682808,29.127548,0,0,0,0,0,0,0
0,0,0,0,0,0,26.130285,27.815424,28.638445,30.986887,33.174908,34.690681,36.892056,36.30294,37.870049,38.181934,39.029636,39.360252,39.77692,40.317055,40.501049,40.420212,41.015244,41.101315,40.965462,40.983559,41.173882,41.48769,41.880806,41.720551,42.641254,42.998955,42.789692,43.386547,43.61166,43.185482,43.993149,44.395653,44.29126,44.895966,44.514465,45.101852,45.597382,45.839138,45.636009,46.745445,46.525166,47.252094,46.706238,47.63805,48.160728,47.104176,47.350872,47.509178,48.742355,48.596531,48.671925,48.822926,49.495953,49.55188,49.806599,49.821911,49.821911,50.983936,50.41106,50.895927,51.238159,51.206985,51.415035,51.456711,52.110737,52.37912,52.621964,53.258915,52.606102,52.976978,53.509758,54.710499,53.237602,54.245354,54.326298,54.391106,55.123745,55.829903,55.709049,55.769455,57.098263,56.936588,56.614155,56.858646,57.703079,57.416939,57.400135,59.664051,58.334831,57.793045,57.003452,55.183727,51.425453,47.425037,42.38224,36.522701,31.293507,27.304831,0,0,0,0,0,0
0,0,0,0,0,0,26.283304,27.73122,29.647341,32.04929,33.735447,36.142815,37.327774,37.465073,37.327774,38.09515,38.85397,39.523952,40.299133,40.577484,40.079941,40.06208,40.9338,40.929279,41.37838,41.373829,41.990906,42.313023,42.497757,42.174793,42.966362,43.012924,43.865761,43.185482,44.433651,43.804504,44.205959,44.905529,44.943794,45.279472,45.471981,45.443073,45.834293,46.54472,46.95163,46.887749,46.936882,46.907398,47.66782,47.385471,48.205696,48.290707,48.95908,48.671925,49.186543,48.90358,49.719902,49.58749,50.205635,49.308132,50.416203,51.284939,50.653122,51.399414,51.597527,52.147522,52.07922,52.263237,52.221138,52.152775,53.003532,54.003006,53.981499,54.640018,54.320896,54.337093,54.922302,55.588371,55.298359,55.407681,56.011509,55.550011,56.187984,57.098263,57.557083,57.91127,57.226707,58.165157,57.832436,57.69746,58.578613,59.159641,59.096794,59.554901,59.136784,58.954128,57.838062,56.797459,54.17527,50.823524,45.149815,39.453114,33.934265,29.836832,26.415319,0,0,0,0,0
0,0,0,0,0,0,26.950186,27.811762,30.412872,32.659229,35.107525,36.260761,37.422138,37.36636,38.281872,39.13966,39.750248,39.581566,40.339466,40.492062,40.021908,40.838902,41.074123,40.563992,41.382931,42.507004,42.775761,42.599564,42.97567,43.278931,43.171474,44.324459,43.82806,44.31023,44.547764,44.419399,45.087471,44.824284,45.418991,45.332363,46.407948,46.456764,46.033112,47.232357,47.163307,47.158379,47.652935,47.217556,47.697605,47.971153,48.255692,49.232117,49.353775,49.120762,48.923759,49.313202,50.725368,50.149235,50.010979,49.929165,50.565479,51.20179,51.170631,51.916588,52.611389,52.173805,52.394936,52.084473,52.711891,53.648853,53.654209,52.854931,53.949249,53.890156,53.879417,54.510059,54.634602,55.140102,54.732201,55.336605,55.824406,55.956436,56.431248,56.747425,57.545864,57.832436,58.788929,58.680866,59.176792,58.994053,59.108219,58.70929,59.560642,60.200294,59.928883,59.388557,58.408459,57.44495,55.396744,53.360226,47.538898,41.524166,35.614723,30.88632,27.362947,0,0,0,0,0
0,0,0,0,0,0,27.402939,29.075077,31.457167,34.55098,36.016685,37.340633,37.986832,38.543293,38.911011,40.164848,40.205105,40.021908,40.53701,40.807301,41.160271,41.401138,41.48769,41.560661,41.574352,42.706158,43.12014,42.627357,42.826847,43.856335,43.663349,43.870476,44.338692,45.337173,45.380478,44.800404,45.936062,45.974865,45.684322,46.725842,46.359161,46.966377,46.976212,47.961189,47.336044,46.902485,47.782051,48.155731,48.526234,48.210693,48.717194,48.95908,49.272648,49.48579,50.026329,50.364792,50.591248,51.759514,50.792515,50.735695,51.258945,52.010979,52.121243,53.099209,52.611389,52.089725,52.902668,53.173698,53.376236,53.857941,53.584625,53.477692,53.761372,54.089092,53.376236,54.721348,55.211006,55.577412,55.709049,55.57193,56.337177,57.383339,56.970013,57.394535,57.793045,58.476482,58.4538,58.97694,59.262581,59.917351,59.715805,58.7491,59.119644,59.692799,60.304462,61.077957,60.402954,58.646767,56.81414,54.450562,49.424831,45.063503,38.273174,32.786743,28.735186,0,0,0,0,0
0,0,0,0,0,26.451054,28.234661,30.674145,32.305984,34.686569,36.654068,37.921928,38.902233,39.241043,39.069225,39.016445,40.640495,41.337433,40.406746,41.34198,40.866005,41.110382,41.752571,41.79834,42.137978,42.147179,43.433388,42.896568,43.283607,42.868671,44.41465,44.485931,44.571564,45.303509,46.873016,45.221821,45.994278,46.388428,46.15947,45.689156,46.04768,46.774868,47.138664,48.030968,47.613251,48.175713,48.581463,49.262512,48.571419,49.832119,49.465466,50.000748,49.612938,50.174866,49.970058,51.649746,51.415035,51.670643,51.796135,51.701996,51.712452,52.971668,52.680141,52.50573,53.030098,53.472351,53.477692,52.987598,53.836472,55.227379,54.537117,54.126785,54.547943,55.249214,55.281975,55.692585,55.736504,56.127281,57.193184,55.862892,56.808578,57.176426,58.266922,58.159508,58.261265,58.340492,59.205379,59.692799,59.251137,59.468822,60.443542,59.900059,60.751453,61.311909,60.763092,60.774734,60.316044,59.767586,58.493496,56.370365,52.168549,46.877926,40.721592,35.790272,30.512634,26.401031,0,0,0,0
0,0,0,0,26.045065,27.577782,29.056351,31.562614,33.186951,36.565048,37.809574,39.012047,39.439838,39.174908,39.559399,40.420212,40.920235,40.317055,41.264694,41.7663,41.464905,44.31023,42.349934,42.433044,42.803623,44.00259,43.508396,43.790379,43.456818,44.049835,44.495441,44.433651,45.082676,45.94091,46.266556,45.945763,45.824612,46.359161,46.417709,47.04509,46.936882,47.232357,47.524036,47.906406,49.140999,52.511009,49.140999,49.506119,49.343628,50.036564,49.918941,50.303143,50.19025,50.133862,50.725368,51.357769,51.519264,52.03722,51.759514,52.331692,52.680141,53.07262,52.801926,52.865536,53.365562,53.675629,54.748478,54.802757,53.986877,54.60751,55.009354,55.254673,56.072132,55.763962,56.453396,56.304001,56.221115,56.409103,56.630802,57.109425,57.299393,57.888737,58.476482,58.278236,59.468822,59.848198,59.646809,60.003868,59.796368,60.1656,60.728176,61.405663,61.893589,61.82288,65.924858,62.2598,61.095482,60.6642,60.716541,58.046581,54.186047,49.323341,43.705666,36.569286,32.021709,27.453878,0,0,0,0
0,0,0,0,0,28.245737,29.852018,32.163681,34.546875,36.286064,37.965191,38.972492,39.430992,40.559494,39.745804,40.829872,41.455791,41.433014,41.401138,41.160271,42.000088,41.807499,42.557899,42.349934,43.274254,43.358459,43.452133,44.329205,44.447906,44.130222,45.761688,45.994278,45.718163,45.650501,46.320156,45.418991,46.339653,46.388428,46.83865,47.133736,47.316284,47.77211,48.030968,49.247314,49.085365,47.717464,49.034828,49.455303,50.36993,50.808018,50.354511,50.58094,50.968399,51.087605,51.487984,51.498409,52.696014,52.961048,52.823124,52.987598,53.258915,52.881447,53.370899,54.347893,54.164494,54.186047,54.851643,54.824482,55.080151,54.949497,55.243755,55.363937,56.664108,56.847519,56.95887,56.936588,56.970013,58.210369,57.126171,58.108673,58.153858,57.804298,58.783237,58.125614,59.382828,59.975021,60.235004,60.559608,60.606079,61.276779,61.229958,61.999756,61.605217,61.628723,62.100136,62.100136,62.319004,62.348621,61.089642,59.50898,56.022526,51.796135,45.892429,40.214054,33.456554,28.308535,0,0,0,0
0,0,0,0,26.701847,28.534445,30.612564,33.509007,35.136517,37.280647,38.238403,39.705814,39.794708,39.422146,40.178265,41.056,41.360176,41.474018,41.981724,41.825817,41.954185,42.594933,42.998955,42.980328,43.752716,43.466194,43.884617,44.007317,45.293896,44.795628,45.337173,47.578545,45.921516,46.144878,46.437233,47.657898,46.662151,52.400208,47.603333,47.276775,47.677746,47.891472,48.280701,48.73732,48.863243,49.704613,49.612938,49.862751,49.898506,50.586094,50.797684,51.822308,51.942795,51.399414,51.937553,51.461922,52.43185,52.50573,53.077938,53.761372,53.483036,53.906269,53.895527,54.612926,54.121399,54.445156,55.009354,54.944057,55.577412,56.221115,55.65966,57.523426,57.031326,57.332962,57.377739,59.091084,57.2938,58.142559,58.007095,57.91127,58.760479,58.170807,58.954128,59.119644,59.531937,61.241661,60.815495,61.177311,61.200706,61.622845,61.534733,62.052883,61.946655,62.776192,63.032509,62.948978,62.615616,62.675056,62.484985,60.102028,57.871845,54.488419,48.055904,42.400711,35.265072,30.589489,26.169388,0,0,0
0,0,0,26.226316,26.813282,28.138771,31.523539,33.561497,35.953712,37.995491,38.783833,40.03083,39.972839,39.972839,40.169323,41.223816,41.151196,41.382931,41.578915,42.225445,42.451527,42.812912,43.022243,43.222847,43.545929,44.049835,44.66206,44.638233,45.015598,45.00602,45.650501,46.164333,45.936062,46.354282,46.574062,47.187962,47.158379,46.696438,47.752235,47.752235,48.471046,48.290707,48.969177,48.732288,49.714806,49.78109,50.149235,51.20179,50.364792,50.864891,51.560997,51.37859,51.974258,50.797684,52.226398,52.717186,52.542694,53.083256,53.322887,54.218391,53.611382,53.584625,54.667122,54.18066,54.938618,54.905991,55.309288,55.550011,55.031132,56.508797,56.714088,56.636353,57.092682,57.590752,57.742428,57.866211,58.170807,57.680603,57.928173,58.766167,58.720665,58.954128,59.503242,59.062534,60.113583,61.241661,61.382217,62.046978,61.66399,62.100136,61.834663,62.401958,62.734531,62.330849,63.583344,63.397366,63.403358,63.145996,62.550278,60.961212,58.897129,55.358467,49.842327,44.281776,37.203598,31.734854,27.508507,0,0,0
0,0,0,26.009596,27.040442,28.99272,31.597805,34.215321,36.3367,38.155888,39.8125,40.528015,40.303612,39.870358,40.079941,41.661118,42.000088,41.483131,41.601742,41.428459,42.599564,42.673698,43.409966,42.45615,43.832771,44.685894,44.972507,44.733585,45.116238,45.486439,45.607037,45.99913,45.950611,46.193523,57.383339,47.247162,46.873016,47.61821,48.621655,47.697605,47.777081,48.833004,49.760689,48.63673,49.745392,49.277718,50.169739,51.035751,51.25375,52.031971,51.979504,51.336952,51.686317,52.410755,52.416027,52.553257,52.796627,54.261536,53.702415,53.793549,53.809643,54.808189,55.052914,54.81905,55.205551,55.73101,55.391273,56.808578,56.326118,57.176426,56.758541,57.053631,57.472969,57.299393,58.295212,57.793045,57.91127,58.221676,58.340492,58.965534,60.096249,59.274025,60.084698,60.472542,61.025402,61.253365,61.746346,61.048756,61.881802,61.470177,62.171062,61.752228,62.704788,62.990734,62.615616,62.907242,62.8834,63.457317,63.655437,61.681633,60.443542,57.042477,51.618412,46.105984,39.652538,33.142799,28.501057,0,0,0
0,0,0,26.269053,27.486649,30.909513,32.639332,34.773006,37.36636,38.75317,39.728027,40.182739,40.915714,40.654003,41.065063,41.423904,41.720551,41.734272,42.091984,43.012924,42.95705,43.059521,43.222847,44.040386,44.562042,45.16901,44.543007,45.241032,45.718163,45.578075,46.062252,45.795563,45.231426,46.198391,49.080311,47.271839,47.46957,47.801933,48.195702,47.996071,48.641758,49.247314,49.58749,49.755589,50.262074,50.159489,50.926979,51.170631,52.031971,51.316143,52.205357,52.532131,52.36858,53.179024,53.003532,53.917011,53.627438,53.269573,54.54253,54.013763,53.890156,54.23457,55.107395,54.634602,55.243755,56.110733,56.342709,56.143833,56.154869,57.601978,56.752983,57.405735,57.691837,57.787418,58.431129,57.748051,59.211098,60.246574,59.125355,59.531937,59.715805,60.263935,60.961212,61.329483,61.370495,60.722359,60.862099,61.57584,62.16515,62.295319,62.740482,61.758114,62.574032,63.026539,63.98056,64.270523,64.052963,64.987251,64.324997,64.440094,60.640945,58.091736,53.216297,47.400307,40.780224,35.04958,29.806473,0,0,0
0,0,0,26.297562,27.738537,29.696548,32.116322,35.352303,38.082142,39.311661,39.839195,39.937176,43.110813,40.739628,40.393288,41.967953,41.255608,41.264694,42.289967,42.743271,42.682972,43.419331,43.569397,43.166809,44.362419,43.96954,44.45266,44.872066,45.732666,46.193523,46.232464,46.437233,46.344532,47.489372,47.380527,47.672783,48.145744,48.235691,48.70713,49.297993,48.923759,48.974224,49.434986,50.231281,50.098,51.279739,51.300541,50.890755,52.184322,52.168549,52.717186,52.263237,52.711891,53.131126,53.589977,53.589977,53.472351,54.515469,54.142944,53.739929,54.450562,55.435032,54.900555,55.369404,55.40221,56.105217,56.381432,56.730755,56.575321,56.970013,57.725563,57.753674,58.510513,60.026955,58.948429,59.618076,59.468822,59.618076,59.865482,59.572124,60.58284,60.57703,61.364635,61.658112,61.946655,61.224106,61.805214,62.046978,62.800003,63.499306,63.445324,64.968956,63.938347,63.26561,64.349213,64.707191,65.164246,65.170357,65.225357,64.901924,62.788097,60.298672,55.287437,48.883408,42.46077,36.548107,30.797501,26.791697,0,0
0,0,0,26.422464,28.445456,30.921112,33.614037,36.319817,38.086479,39.888168,40.690044,41.278328,40.676525,40.487572,41.423904,41.990906,42.078194,42.183998,43.073505,43.367821,43.513088,43.729187,43.185482,44.324459,44.376659,44.258076,45.16901,45.140221,45.486439,46.28117,46.853374,46.013691,47.030323,48.551334,47.901428,48.556355,48.150738,49.206795,48.68198,49.039879,48.948986,49.592579,49.5112,49.842327,50.921803,50.813187,51.404621,51.258945,52.236923,52.063469,52.717186,52.595531,54.008385,53.520451,53.782822,53.467007,53.943874,53.525795,54.81905,54.710499,55.588371,56.121765,55.802422,56.547596,55.961941,56.215595,57.115005,56.409103,57.461761,58.255608,57.624435,58.351818,59.205379,58.81739,59.31982,59.595097,60.130917,59.606586,60.223431,60.472542,61.177311,61.611092,61.235809,61.229958,61.834663,61.952553,63.289551,63.38538,63.074303,63.866032,63.343441,64.107307,63.283566,64.591759,64.446152,65.329338,65.777161,65.814064,65.605141,65.097069,63.116116,60.600269,57.299393,52.005733,44.881626,38.307968,31.68783,27.119987,0,0
0,0,0,27.214144,29.078825,31.656502,33.92614,36.70499,38.805744,39.12645,40.182739,41.178421,41.273785,40.983559,41.087719,42.036831,42.604195,42.303802,43.036221,44.134953,43.592873,43.912914,43.875187,43.983704,43.818638,45.346794,49.546795,45.747177,45.945763,47.084473,46.486073,47.306404,47.425037,47.881519,50.354511,53.55788,52.410755,49.755589,48.918713,48.918713,49.262512,49.934273,50.154362,50.839035,51.310944,51.321346,52.005733,51.534912,52.121243,52.664268,52.90797,52.839024,53.579277,53.312222,53.976124,53.552532,54.455967,54.331696,54.677963,55.495239,55.68161,55.752975,56.265312,56.281891,56.475552,57.669365,57.142918,56.925449,57.641281,57.142918,58.046581,58.800312,59.108219,59.40575,59.980789,60.188728,59.802124,59.992329,60.136696,61.089642,61.11301,62.342697,62.052883,61.669872,62.710735,63.878082,63.439327,63.817852,63.169907,64.252373,64.415848,64.476471,64.749756,73.401367,64.701111,65.390556,65.329338,65.280388,66.258034,65.746422,64.300781,61.241661,57.635666,52.90797,46.315281,40.088875,33.634254,27.837412,0,0
0,0,26.261927,27.712933,29.398159,32.345573,34.884315,37.122368,39.016445,40.290173,40.654003,41.101315,41.128521,41.133053,41.269238,41.702259,42.724712,42.571785,43.349098,43.438072,43.658649,43.545929,44.338692,44.049835,44.738354,45.16901,45.877892,46.164333,45.897278,46.706238,46.486073,47.281715,47.806904,47.647972,48.933849,52.252708,54.526291,53.168377,50.839035,49.52137,49.964947,50.462498,50.808018,51.009842,51.832775,51.082417,51.827541,52.410755,53.035412,52.696014,52.65369,53.194996,53.584625,54.062183,54.16988,54.401913,54.900555,55.172821,55.080151,55.566448,56.182465,56.564232,56.337177,57.126171,56.320587,55.879395,57.748051,56.547596,58.476482,58.561584,58.499168,58.595646,59.618076,59.905823,59.95195,59.836678,60.402954,61.019566,61.048756,61.564095,61.834663,61.165619,62.413815,63.271595,63.175884,63.044449,63.541313,65.017738,63.920265,64.798424,64.324997,64.421913,65.249809,66.122154,65.777161,66.896812,65.894066,66.122154,66.728951,66.214775,64.834938,62.295319,59.085373,54.024521,47.247162,41.464905,34.215321,29.319099,0,0
0,0,26.401031,27.392029,30.061232,33.203014,35.236019,37.207874,39.020844,40.442657,41.301052,43.330379,41.578915,40.793762,41.899143,42.266918,42.989639,43.372501,43.677452,43.550621,44.059288,44.776531,44.80518,44.428902,45.289089,45.467163,45.491261,46.164333,46.725842,47.553764,47.158379,47.276775,47.846691,47.509178,48.390842,50.74086,53.093891,53.168377,52.384392,50.077518,50.508823,51.362972,51.446289,51.675865,53.622086,52.121243,52.27903,52.052967,53.120483,53.745289,53.493725,53.48838,54.116013,54.65086,54.385704,54.840778,54.569599,54.78104,55.358467,55.331142,55.802422,57.031326,56.547596,57.075947,57.142918,57.154087,58.136909,57.748051,57.854954,58.925625,59.503242,59.975021,59.577869,60.211861,60.182945,60.345005,61.722805,60.194511,61.540607,61.958454,61.499516,61.852337,62.544342,62.532467,62.966869,62.372322,64.312889,65.237579,63.896156,65.427307,65.078758,63.968498,65.83252,65.35994,65.672684,66.53038,66.134499,66.208603,66.635818,65.807915,65.133705,63.860008,59.256859,54.401913,49.633301,42.032238,35.364773,29.8976,0,0
0,0,27.02599,28.267893,30.693403,33.658527,35.331524,38.090816,39.661415,41.661118,41.592609,42.101181,41.949596,41.110382,41.853306,42.859375,43.545929,43.729187,43.894051,44.652527,44.267555,44.862507,44.967724,45.839138,45.708492,45.795563,46.412827,46.564278,47.178101,47.202755,47.133736,47.489372,47.66782,48.110794,48.767525,49.633301,49.827015,50.994297,52.310623,51.316143,50.849377,50.200504,51.446289,51.743824,52.563824,52.812523,51.895626,52.992908,53.184345,54.229176,54.531704,54.770184,54.126785,55.336605,55.418621,55.495239,55.211006,55.396744,55.769455,56.226639,55.917904,56.81414,56.719643,56.686317,56.908745,57.832436,58.278236,59.068245,58.766167,58.714977,59.239697,59.871243,60.397156,60.704906,60.949547,61.153927,61.429115,62.041077,61.681633,62.508724,61.781662,63.157951,63.181862,62.609673,63.313499,64.349213,64.210037,64.470406,64.161682,65.255928,65.894066,65.986465,65.906387,66.307495,66.468414,67.370918,66.909256,67.533661,67.948013,67.552452,65.7034,63.403358,60.885406,59.04541,51.790905,42.938435,35.953712,30.539522,26.468929,0
0,26.016687,26.47608,28.382504,30.766638,34.481243,36.383148,39.051628,40.24091,40.861485,40.960938,42.775761,42.33609,42.078194,42.650524,42.641254,43.152805,43.809216,44.509708,44.547764,44.795628,45.752014,45.173809,45.154613,45.785885,45.737503,46.671947,47.237289,47.074627,47.55872,47.757202,48.035954,47.926323,49.135937,48.863243,49.374069,50.128738,50.380211,50.78735,50.818356,50.78735,50.958042,51.738594,51.843246,52.616676,51.639297,52.606102,53.547184,53.772095,54.434341,54.705078,54.694229,55.665146,54.965816,54.829914,55.123745,55.692585,55.429562,56.199028,56.370365,56.91431,56.414639,57.663746,58.283894,58.272579,58.159508,58.30653,58.317848,58.840164,58.811699,60.611889,60.015411,60.961212,60.780556,61.487778,61.911274,61.722805,62.141502,62.295319,62.776192,63.733601,62.490921,63.499306,64.288681,63.769699,63.872055,64.609978,65.023842,65.219246,65.795609,66.890587,67.564987,66.573784,68.534927,67.954308,66.977745,67.922852,68.256798,68.143257,66.927933,66.214775,64.191902,61.487778,57.32177,50.477936,44.447906,36.74321,30.393707,26.759335,0
0,0,26.845676,28.578993,31.390869,34.235737,36.730469,39.386772,40.559494,41.734272,42.826847,42.059807,42.678337,42.53476,42.428425,43.054859,44.045109,44.040386,45.044338,44.623943,45.385292,44.905529,45.346794,45.616692,45.926365,46.505615,46.76506,47.000805,48.070869,47.752235,48.656837,48.671925,48.70713,50.236412,49.297993,49.526455,51.144676,50.226151,50.715042,51.035751,51.056488,51.310944,52.637825,52.021473,52.484615,52.569107,52.743656,53.675629,53.73457,54.699654,54.003006,55.058361,55.336605,55.347538,55.939919,54.753902,55.802422,56.259785,56.193508,56.210072,57.198769,56.992302,57.529037,57.798672,58.125614,58.931324,59.136784,58.908527,59.40575,59.463085,60.194511,60.119362,60.466743,61.775772,60.792202,63.211765,62.041077,63.93232,62.823822,64.276573,63.643417,63.235691,64.210037,64.282623,63.835918,65.048241,65.170357,65.17646,65.727982,69.31031,66.233315,65.777161,67.046272,66.437447,67.058739,67.489815,68.269424,67.51487,67.885117,67.552452,66.840828,64.981155,61.335339,56.486633,50.349373,43.639851,36.926125,30.921112,26.504698,0
0,26.016687,26.734177,28.731462,31.196304,33.605949,36.248116,39.15728,41.260151,41.706829,42.373009,43.466194,43.208832,44.23912,42.929131,43.856335,44.116028,44.424149,44.996445,45.346794,45.245838,45.684322,45.945763,45.805244,46.490959,46.70134,47.118954,47.732365,48.035954,47.986103,48.606579,48.732288,48.878368,50.797684,50.921803,49.724998,50.47279,51.051304,51.597527,51.534912,51.790905,51.555779,52.147522,52.696014,52.743656,53.402924,53.515102,53.344223,53.976124,54.132172,54.547943,54.862511,55.380337,55.424091,55.752975,55.37487,55.879395,55.769455,57.053631,56.105217,57.187595,57.416939,57.568306,57.282616,59.131069,58.148209,59.359913,59.171074,59.7043,59.923115,60.310253,60.733994,61.376354,61.458443,61.171467,62.135593,62.236126,62.651276,63.140018,63.062359,63.703529,63.223728,63.841942,64.427971,64.865379,64.010719,65.715691,66.375542,65.967979,65.78331,66.741371,65.894066,66.971512,67.245926,68.187393,67.3209,68.699654,68.509613,68.22525,68.073929,67.533661,66.623405,62.052883,56.970013,50.144112,43.733894,37.740532,31.351906,27.119987,0
0,26.034422,27.362947,28.208828,31.153585,33.877396,37.357784,39.652538,42.724712,42.276134,42.789692,42.687607,43.143471,42.729351,42.826847,43.466194,44.139683,44.795628,45.14502,44.738354,45.544304,45.664993,45.974865,45.848824,46.315281,46.578953,47.553764,48.080849,48.055904,48.491112,48.481079,48.571419,49.009571,49.719902,50.818356,52.073971,50.3391,50.78735,51.310944,51.118729,52.137009,52.553257,52.600815,53.163055,53.104527,53.739929,53.515102,54.4776,53.992252,54.493828,54.515469,54.960377,55.37487,55.435032,55.687096,56.143833,56.381432,57.472969,57.087105,56.91431,57.467365,58.216022,57.933807,58.948429,59.11393,59.531937,59.848198,59.773342,60.240788,61.037079,60.792202,61.546478,60.99622,62.319004,61.787548,63.205784,62.889359,62.556217,63.343441,64.652496,64.385559,63.793774,65.036041,64.90802,64.737587,65.310982,65.727982,66.004959,66.258034,66.474609,67.015121,65.986465,67.15229,66.847046,67.728058,68.282051,68.288368,68.566582,68.263115,68.465324,67.596321,65.894066,62.746433,57.366543,51.921829,45.231426,38.264481,31.625189,27.275795,0
0,0,26.834875,28.304838,31.679996,35.045444,37.585445,39.852547,41.784607,42.636623,43.302311,42.998955,43.311665,43.232193,43.344418,43.33506,44.557281,45.853668,45.390102,45.173809,45.761688,46.407948,46.671947,46.500729,46.515388,47.37064,47.831768,48.090828,48.471046,48.195702,49.445145,49.065147,48.822926,49.247314,50.041683,50.70472,50.947685,51.399414,51.030571,51.728134,51.660194,52.939812,52.817822,52.537411,53.221622,53.579277,53.922382,53.445641,54.369499,54.993027,54.884247,55.014797,55.802422,56.564232,56.176945,56.641903,56.836391,57.489784,57.327366,57.91127,58.24995,58.074799,57.871845,57.871845,58.771858,59.819401,59.825157,59.474556,60.379768,61.669872,61.136387,60.240788,61.699276,62.058788,62.585911,63.205784,62.603733,63.661446,63.872055,64.246323,64.573547,64.767998,64.591759,64.761917,65.519249,65.292625,65.611275,66.115982,65.967979,65.666542,66.635818,66.029617,67.652756,67.77829,68.617256,68.686974,68.737709,69.252899,69.758018,68.744049,67.70295,65.961823,63.325474,56.91988,51.534912,44.286518,38.351486,31.899727,26.91773,0
0,26.00605,26.986271,28.657036,31.558706,34.83482,37.370651,39.652538,41.319241,42.33609,42.919827,43.499016,43.752716,43.241535,42.966362,43.480259,44.45266,45.26025,45.660164,46.120567,45.747177,46.359161,46.627884,46.417709,46.873016,47.345928,47.717464,47.410198,48.115784,48.969177,49.308132,49.562054,49.419754,49.607845,51.331749,50.529423,51.4515,51.082417,51.644524,51.890388,51.477558,52.611389,52.711891,52.416027,53.55788,53.4403,53.992252,54.488419,54.229176,55.774948,55.539055,55.211006,56.686317,56.764099,56.442322,56.625252,57.32177,57.776169,57.680603,58.052227,58.210369,57.691837,58.165157,58.578613,59.233974,59.842438,59.606586,60.763092,60.780556,61.241661,61.875908,61.787548,61.669872,61.852337,62.710735,62.978802,63.535313,63.67347,64.07711,64.191902,64.561401,64.143555,64.518929,65.158134,65.586723,65.207016,66.122154,65.611275,66.400299,66.660645,66.542778,66.394112,67.302155,68.484299,68.130646,67.089912,68.509613,69.291168,68.98542,68.496956,67.87883,65.715691,63.343441,58.601326,52.801926,45.510544,38.569492,32.436722,27.914436,0
0,26.140947,27.196024,28.951586,31.593893,34.859562,37.675865,39.546104,41.578915,42.891918,42.980328,43.260231,43.804504,43.13414,42.998955,44.438404,45.130627,45.121033,45.221821,46.091404,45.824612,46.407948,46.574062,46.843559,46.922138,47.291592,47.727398,48.762489,48.415897,48.817886,49.69442,49.531536,49.765789,50.303143,51.284939,51.206985,51.362972,50.958042,52.105484,52.553257,52.33696,52.363308,53.077938,53.504414,53.798912,53.600677,53.938503,54.786469,54.272327,55.555489,56.436783,55.45145,56.226639,56.719643,57.304985,57.092682,56.70298,56.908745,57.042477,58.81739,58.063511,59.016872,58.47081,58.334831,59.715805,59.577869,60.786377,60.832966,61.517124,59.934647,61.019566,61.940758,62.052883,62.372322,61.840553,62.770237,63.811832,63.26561,64.010719,64.622124,63.751648,65.298744,64.761917,65.500854,65.900223,66.822166,66.239494,67.539925,66.177719,66.685478,65.955658,67.114861,67.539925,68.16217,67.590057,68.737709,68.496956,68.851959,69.246521,68.490623,67.77829,65.777161,63.26561,57.686218,51.175823,45.20261,37.486549,31.852575,27.377487,0
0,26.048613,27.290312,29.101307,31.805458,34.19083,37.641403,40.649502,41.647411,42.687607,42.539387,43.527161,43.574093,43.152805,43.630451,44.66206,44.771759,45.916668,45.945763,46.769962,46.208126,46.931969,47.306404,46.804298,47.787022,47.85664,47.757202,48.63673,49.095478,49.277718,49.791294,49.297993,50.226151,50.766682,51.170631,51.566216,52.184322,54.11063,54.504646,54.099861,52.11599,53.194996,53.301559,53.563229,54.310101,54.710499,54.493828,55.118294,55.868393,55.287437,56.425713,55.440506,57.165253,56.653004,56.942158,57.461761,57.613205,56.641903,58.641087,58.885735,58.658134,57.787418,59.0397,59.256859,59.865482,60.177162,61.095482,60.739815,60.611889,61.693394,61.259216,63.421341,62.966869,62.811913,63.002666,64.391617,64.318939,63.727585,63.781734,64.506798,64.549263,64.15564,65.740273,65.310982,65.556046,65.678825,66.134499,65.974144,66.567581,66.295128,67.040047,67.621399,67.452255,68.731361,68.591919,68.23156,69.049042,70.646675,70.046913,69.42524,68.528595,66.443642,63.607368,58.783237,52.489891,45.197811,38.051804,32.294113,27.402939,0
0,26.1765,27.148941,28.205139,32.136047,35.836327,37.939228,40.595482,41.972542,42.989639,43.260231,43.597572,43.508396,42.488506,43.832771,45.322742,45.18821,45.322742,45.897278,45.965164,46.398186,47.866592,47.035244,47.232357,47.163307,48.100811,48.011024,48.310726,49.282784,49.343628,49.827015,49.811703,50.087757,51.217377,51.404621,51.175823,52.047718,52.37912,53.418938,53.825737,52.310623,52.849628,53.434959,53.6917,53.927757,54.391106,55.189182,55.533577,55.145554,56.359303,55.8354,55.923409,56.492172,58.165157,57.630051,57.383339,57.753674,58.527531,58.948429,58.323509,58.98835,58.925625,58.965534,61.840553,59.779099,60.635136,61.007893,60.35659,61.077957,61.658112,61.311909,62.740482,62.479053,62.805958,63.283566,64.252373,63.325474,63.655437,63.775719,64.09523,64.96286,65.721832,65.807915,66.33223,66.648232,67.564987,67.445999,65.586723,65.83252,65.844826,66.952835,67.596321,67.102386,68.055031,67.533661,68.244179,69.50193,69.106331,68.326256,68.712334,67.885117,67.040047,62.585911,58.097382,52.35804,45.428623,38.321022,31.715256,27.127224,0
0,0,26.802488,28.44175,31.496201,35.215275,38.190617,40.24091,41.807499,43.026901,43.405281,43.635151,43.870476,43.983704,43.809216,44.638233,45.385292,45.747177,45.868202,46.125427,46.500729,46.83374,47.291592,47.217556,47.543854,47.861614,48.757454,48.898537,49.975174,49.506119,49.827015,50.3391,50.591248,51.623634,51.441082,51.733364,51.628853,52.189579,52.194839,52.563824,52.010979,53.515102,52.664268,52.801926,54.0299,54.213001,55.287437,55.303822,56.028038,56.06662,55.978458,56.680763,56.869778,57.894371,57.260246,57.042477,57.838062,57.838062,58.37447,58.504841,62.764286,60.084698,59.359913,60.362385,60.536385,61.528862,61.458443,60.635136,60.920387,62.088322,61.946655,62.859566,62.538403,63.193821,62.907242,63.313499,63.193821,63.553322,63.817852,64.071075,64.816681,64.731506,65.268158,67.834831,66.394112,65.641975,66.977745,66.270393,66.004959,66.828384,67.008888,68.004654,68.061333,68.181091,68.737709,69.706741,69.495537,69.399689,69.738785,68.972702,68.086533,66.517982,63.547318,58.70929,51.94804,44.881626,38.04747,31.277945,26.953794,0
0,0,26.924942,28.327019,31.946918,34.129646,37.568233,39.986217,42.05521,43.330379,43.809216,43.513088,43.710369,43.875187,44.068741,46.023403,45.669827,46.339653,46.481186,46.696438,46.789581,47.578545,47.474522,48.020996,47.613251,48.611607,49.363922,48.893494,49.328415,49.709709,50.103123,50.226151,51.092789,52.021473,51.827541,52.410755,52.611389,52.50045,52.950428,53.477692,53.115166,53.788185,53.72921,53.6917,54.705078,55.555489,55.57193,55.145554,55.692585,56.436783,56.182465,56.276363,57.014599,56.91988,57.176426,58.091736,58.18211,58.24995,58.624043,58.800312,59.486031,59.125355,59.992329,60.681644,60.815495,61.218254,60.850445,60.658386,61.002056,61.787548,62.479053,63.038479,62.84169,63.253639,63.583344,64.24028,63.751648,64.071075,65.011642,64.385559,64.324997,65.433434,65.924858,67.002655,66.004959,66.041954,67.239677,66.642021,66.425064,66.32605,68.010948,67.402199,68.54126,68.725021,68.515938,68.864662,69.944092,70.104797,69.438019,69.176399,68.427376,66.28894,62.889359,56.858646,51.435871,43.785667,37.254951,30.983017,26.655186,0
0,26.030874,27.022379,28.020975,30.971405,34.023739,37.182213,39.950546,42.073597,43.503704,44.657295,44.371914,44.562042,44.833836,44.814732,45.433441,45.931213,46.105984,46.432354,47.15345,47.074627,47.281715,47.311344,47.886497,48.44096,48.355782,48.878368,49.065147,49.770889,50.221024,50.19025,51.155056,51.425453,51.394207,52.231663,51.843246,52.50573,51.858959,53.003532,52.484615,53.194996,54.466782,54.08371,54.60751,53.91164,54.483009,55.031132,55.813412,56.519882,55.890396,55.956436,56.741871,57.456154,56.81414,57.349751,57.798672,58.199066,58.7491,58.448132,58.87434,59.658306,59.514721,60.044273,59.68705,60.629322,60.693275,60.838791,60.827141,61.581715,62.764286,62.633442,63.211765,63.451321,63.343441,63.607368,64.652496,64.82885,64.476471,64.90802,64.391617,65.225357,66.159195,67.008888,65.900223,66.400299,66.72274,66.934158,67.033813,65.341576,67.245926,67.602592,66.903038,67.671577,67.333405,68.667953,69.796486,69.70034,69.489143,70.388268,69.841385,69.004501,66.76001,62.907242,57.624435,51.020206,43.894051,36.5354,30.527996,26.326086,0
0,0,26.540491,28.378803,30.616411,34.072598,36.815464,39.963921,41.578915,43.545929,43.508396,44.438404,44.243858,44.733585,44.519218,45.16901,46.290913,46.300659,46.632778,47.247162,47.494324,47.608292,47.509178,48.210693,48.883408,49.292923,49.353775,49.161236,49.872963,50.684074,50.678917,51.743824,51.707226,52.421303,51.503624,51.827541,52.305355,51.806602,51.838013,52.648403,53.099209,53.890156,53.509758,53.397583,54.347893,54.705078,55.462395,56.641903,56.171425,55.632236,56.730755,56.691872,57.568306,57.148502,57.877476,59.125355,58.37447,59.051117,58.624043,59.337002,60.269726,59.54916,60.350796,60.547997,61.136387,61.423252,61.587589,62.36047,61.323624,62.794048,62.313084,63.181862,63.379387,63.313499,64.167725,64.216087,64.63427,65.036041,64.999443,65.158134,66.017288,66.115982,66.276581,66.28894,66.72274,66.171539,67.973183,66.983971,68.105431,67.452255,67.853683,67.979477,67.853683,69.36776,68.636261,69.655502,69.777245,69.335838,70.265755,70.607872,68.174782,66.33223,62.526531,57.316174,50.298008,43.475571,35.802826,29.829241,0,0
0,0,26.401031,27.628881,30.432045,33.307522,36.463459,39.888168,41.793762,42.622723,44.466915,44.29126,44.781307,44.771759,45.16901,45.578075,45.897278,46.466534,47.133736,47.593418,47.326164,47.390415,48.671925,48.150738,48.702099,48.777592,49.970058,50.082638,50.488232,50.911453,50.441917,51.295341,51.911346,51.560997,51.979504,52.669559,52.860233,53.552532,52.929199,53.088573,53.24826,54.385704,54.374901,54.121399,54.428936,55.342072,55.840897,55.934414,55.391273,56.259785,56.210072,56.06662,58.221676,58.720665,58.578613,58.527531,58.527531,58.862946,59.623821,59.377098,59.658306,60.908726,60.379768,60.362385,60.722359,61.311909,61.382217,62.271637,62.877438,63.181862,62.943012,63.403358,63.38538,63.319485,63.835918,64.24028,65.310982,65.133705,64.96286,65.875603,64.987251,65.35994,66.660645,66.264214,67.270912,66.878143,66.952835,67.083679,67.790848,68.858307,68.813858,67.941719,68.029839,69.521118,69.303932,73.667702,70.046913,70.925224,69.732376,69.41246,67.608864,65.488586,61.153927,56.386967,49.709709,41.642845,34.859562,28.951586,0,0
0,0,26.219198,27.257656,29.98126,32.33765,35.664829,39.417725,41.683971,43.246208,43.776253,44.106567,44.262814,45.183411,44.934227,45.529831,46.927055,47.647972,46.981129,46.931969,47.04509,47.826794,48.450989,48.596531,48.621655,49.232117,50.128738,49.77599,50.113369,51.858959,50.782181,51.665417,52.458229,51.87991,52.685432,52.590244,52.252708,53.24826,52.892056,53.852573,54.126785,55.413151,55.112846,54.688808,55.211006,55.172821,55.495239,57.036903,56.597511,55.906898,56.964439,57.042477,56.869778,57.512211,58.057869,58.029655,58.572937,58.942726,59.612331,59.022579,60.130917,60.58865,60.821316,60.704906,62.651276,61.10717,62.070602,61.652233,62.023365,62.978802,63.020573,62.859566,63.014603,63.649426,64.470406,64.500732,64.981155,64.670723,65.170357,65.084862,65.691109,67.621399,66.971512,67.021347,67.358414,65.955658,66.666855,66.784866,69.924828,67.809692,68.080231,68.452667,69.508324,69.495537,69.06813,69.476364,69.585083,70.569084,69.291168,68.953629,68.042435,65.194794,60.565414,55.205551,48.526234,40.708069,34.387016,28.802256,0,0
0,0,0,27.859407,29.003944,32.488304,35.04958,38.373253,41.155731,42.363777,43.964821,44.409901,44.876846,44.647762,44.919876,45.955463,47.608292,48.938896,47.722431,46.286041,47.187962,48.270695,48.868282,49.55188,49.100533,49.166298,49.760689,50.195377,50.813187,51.217377,51.25375,50.128738,51.461922,51.989994,51.969013,53.269573,54.202217,53.761372,53.370899,53.659561,54.245354,54.580429,54.526291,56.017017,55.610302,55.747486,55.648689,56.000492,56.210072,57.804298,56.81414,57.087105,56.89761,56.931019,57.781796,58.81739,58.84586,59.934647,59.940414,58.971237,60.119362,60.937881,60.850445,62.135593,61.66399,61.769886,61.734573,61.81699,62.194717,62.9132,62.752384,63.565331,63.253639,64.143555,64.786247,65.298744,64.993347,64.932388,65.054344,65.353821,65.372185,65.231468,66.017288,66.772438,66.728951,67.427223,67.146049,68.22525,68.629929,68.680634,68.648941,68.667953,68.801163,70.091927,69.297554,69.489143,70.098358,70.149834,69.918411,68.813858,67.040047,64.09523,60.310253,54.013763,47.543854,39.799156,33.118729,28.352905,0,0
0,0,0,27.246775,28.179319,31.679996,34.991688,37.960865,40.735119,42.729351,44.277035,45.130627,45.63118,45.578075,44.929443,47.148521,46.848469,47.682713,47.55872,46.774868,47.089397,48.080849,48.732288,48.817886,49.247314,48.822926,50.016094,50.385349,50.766682,51.30574,51.217377,52.010979,51.806602,51.717678,52.484615,53.285564,53.07262,52.696014,53.483036,53.194996,54.277721,55.254673,54.97126,55.2929,55.265591,55.511669,56.359303,55.396744,56.614155,56.864212,57.731182,57.669365,57.635666,57.048054,58.652451,58.98835,59.102509,59.807884,59.216816,60.194511,60.067371,61.159771,60.955379,61.306053,61.775772,62.076508,62.277557,62.100136,62.764286,64.058998,62.479053,63.457317,63.823875,63.805813,64.987251,64.676796,64.391617,65.262039,65.042145,65.060448,65.042145,65.139809,65.066551,67.102386,66.654434,67.408455,67.139809,67.427223,68.099129,68.642601,68.33889,67.696678,69.265656,69.176399,68.509613,68.801163,69.303932,70.510925,69.62989,69.62989,65.43956,63.547318,58.414127,52.484615,45.5009,38.670013,31.884007,27.257656,0,0
0,0,0,26.411747,28.319624,30.770494,34.477142,37.844124,40.438168,42.682972,43.823349,44.376659,44.814732,44.910313,45.092262,45.848824,46.398186,47.737331,47.286652,47.252094,47.831768,48.380825,49.308132,49.25238,49.414677,49.287853,50.231281,50.200504,51.181019,53.648853,51.634075,51.969013,52.479336,52.468781,52.458229,53.360226,53.772095,52.929199,53.611382,53.611382,53.63279,55.080151,55.73101,55.879395,56.094185,56.758541,56.270836,56.630802,56.981155,56.675213,56.880909,57.590752,57.877476,58.555908,58.24995,59.182507,59.354183,60.067371,59.422947,59.940414,59.836678,60.687458,60.949547,60.304462,61.834663,61.417389,62.141502,61.746346,62.609673,62.324928,63.068333,63.667458,63.535313,63.835918,64.452217,64.987251,63.823875,64.537132,65.084862,64.518929,65.347694,65.592865,66.76001,66.660645,66.921707,66.295128,67.564987,66.934158,67.071213,68.181091,68.725021,68.52227,68.693314,69.758018,69.125435,69.221016,70.265755,69.976212,69.163658,68.111732,66.425064,64.17981,58.159508,51.890388,44.671593,37.693104,31.923319,27.461159,0,0
0,0,0,26.393888,28.050402,30.46657,33.456554,36.960209,39.901531,42.483883,43.85162,44.419399,44.504951,44.814732,45.16901,46.120567,46.476303,47.350872,47.732365,48.355782,48.090828,48.375816,49.130878,49.287853,49.827015,49.719902,49.69442,50.231281,50.761517,51.170631,51.040936,51.508839,51.394207,52.526848,53.344223,52.305355,52.685432,54.23457,53.573925,52.738361,54.358696,55.593853,54.418125,54.732201,55.720032,55.303822,55.780441,55.539055,57.243477,58.08609,57.529037,57.809925,58.533207,58.959831,58.669498,58.834473,59.268303,59.468822,60.223431,60.015411,60.553802,61.183159,60.646759,61.769886,61.440845,62.106045,62.407887,62.366398,62.633442,61.522995,63.09222,64.089188,64.543198,63.775719,64.40979,64.555336,63.769699,64.94458,65.329338,66.159195,65.99263,65.464073,66.480804,65.506981,66.233315,65.789459,67.277161,66.579987,66.840828,67.809692,68.22525,69.687523,69.514725,68.826561,69.291168,69.393303,69.438019,69.533905,68.851959,67.539925,65.924858,62.301239,56.853081,51.362972,43.639851,36.777203,31.586073,27.52673,0,0
0,0,0,0,27.621578,29.435844,32.258511,36.421181,39.104435,41.556099,43.630451,45.67466,45.496082,45.810085,46.266556,46.564278,46.510502,46.877926,47.742298,48.225689,48.712162,48.245689,48.908627,49.247314,49.085365,49.455303,50.359653,50.344238,50.236412,50.205635,50.416203,51.498409,51.644524,52.447674,52.982288,52.796627,53.317554,53.72921,54.024521,53.499069,54.764759,55.626751,55.151005,55.391273,55.363937,56.088673,56.542053,56.925449,57.400135,57.950714,58.402794,57.669365,58.629723,58.607006,58.771858,59.096794,59.95195,59.928883,59.963482,60.565414,60.414547,59.928883,61.341198,62.01746,61.118855,62.508724,62.633442,62.473122,62.502789,63.068333,62.342697,62.919163,63.223728,64.847115,64.083153,64.664642,64.719345,65.268158,64.701111,65.207016,65.347694,65.869446,65.255928,64.609978,66.251854,66.097466,67.227188,68.099129,67.502342,69.227394,68.712334,68.572914,69.201897,70.091927,69.732376,69.674713,69.508324,69.495537,68.174782,66.33223,64.18586,60.275513,55.151005,48.501144,42.446907,36.004086,31.149704,27.167046,0,0
0,0,0,0,27.26491,29.255178,32.061115,35.269222,38.748791,41.670258,43.752716,45.679489,45.515366,44.872066,45.892429,46.559387,46.686642,47.782051,48.055904,48.335754,48.511181,49.445145,48.355782,48.722225,49.130878,49.25238,50.292873,50.854546,50.622177,50.818356,51.623634,51.827541,52.231663,52.021473,52.648403,52.733067,52.801926,51.827541,53.061989,51.963768,53.798912,55.325676,55.243755,55.413151,55.331142,56.237686,55.56097,56.869778,56.886475,56.686317,57.545864,57.69746,57.990177,58.170807,58.30653,58.862946,59.222534,59.096794,60.096249,60.59446,59.491768,60.194511,60.710724,62.224293,61.66399,62.123772,63.080276,63.145996,63.140018,62.176975,62.978802,62.484985,63.463314,64.318939,63.763683,64.337105,64.956764,65.170357,65.427307,65.200905,65.14592,65.005547,65.93718,66.394112,66.704102,66.996429,66.691689,67.992065,66.604797,67.985771,67.916557,68.376801,68.496956,68.947273,69.170029,69.240143,69.828552,70.182022,68.332573,67.058739,64.452217,58.908527,53.589977,46.515388,40.460617,33.857098,29.165058,0,0,0
0,0,0,26.308256,26.694666,28.727737,31.633017,34.358368,37.611267,40.793762,43.635151,44.934227,45.994278,45.279472,45.965164,46.534943,47.000805,47.826794,48.06588,47.901428,48.220692,48.541294,49.029774,49.556965,48.450989,48.974224,49.592579,50.333961,50.735695,50.952866,50.958042,50.777016,51.383793,51.300541,58.834473,52.305355,52.971668,53.718491,54.326298,55.036575,53.552532,53.815006,54.261536,54.857075,55.550011,55.396744,56.176945,56.970013,57.310581,56.70298,57.512211,57.973263,57.854954,58.510513,58.199066,59.011169,59.011169,59.302647,60.194511,60.090473,60.223431,60.402954,61.060436,61.675751,61.452576,61.687511,62.93705,62.117863,62.455326,62.627502,62.811913,63.403358,63.325474,63.986591,63.547318,62.710735,64.500732,65.164246,64.68895,63.890133,65.280388,64.391617,65.237579,65.918701,66.524185,65.38443,66.183891,67.358414,67.333405,66.685478,66.896812,68.433701,68.629929,68.877365,69.144547,69.777245,70.304428,69.150917,68.33889,66.041954,61.799324,56.182465,50.932156,43.729187,37.404968,31.923319,28.043043,0,0,0
0,0,0,0,26.422464,28.489933,30.259726,33.788132,36.324039,39.073624,42.391476,45.563599,45.130627,45.366039,45.457527,46.81411,47.158379,47.782051,48.385834,47.861614,48.310726,48.838043,48.506161,48.090828,49.424831,49.308132,49.964947,50.771847,50.973579,50.627335,50.689236,50.958042,51.243355,51.707226,52.65369,52.743656,53.061989,54.672543,53.72385,53.847206,54.310101,55.107395,55.45145,55.00391,55.500717,55.478817,55.868393,56.470013,56.741871,56.808578,57.579529,57.115005,57.551472,58.669498,58.448132,59.056824,59.245415,59.790611,59.595097,60.142475,59.554901,60.600269,60.524773,61.411526,61.487778,62.064693,61.834663,61.911274,62.20063,62.413815,62.823822,63.878082,63.469311,63.098194,63.583344,64.488602,64.403732,64.052963,64.94458,64.537132,64.427971,63.721573,64.938484,64.531059,65.598999,65.789459,66.840828,65.525375,66.915482,67.853683,68.395767,67.979477,68.591919,68.136948,69.342224,68.288368,69.745193,69.438019,67.784569,64.476471,60.182945,54.715923,48.370808,41.287418,35.136517,29.564161,26.70903,0,0,0
0,0,0,0,26.002504,27.775137,29.651125,32.436722,34.975159,38.718143,41.784607,44.371914,45.101852,44.476421,45.26025,47.089397,47.326164,47.538898,47.192894,48.23069,47.976135,47.623169,48.435947,48.782627,49.009571,48.767525,49.750492,49.903614,50.323689,50.313416,50.072395,50.766682,50.958042,51.822308,52.173805,52.352768,53.258915,53.397583,53.766735,53.024784,54.207611,53.852573,54.710499,55.140102,55.785938,56.847519,56.786335,56.072132,55.972954,56.154869,56.752983,57.450554,57.894371,57.866211,58.527531,58.828777,59.721558,60.269726,60.00964,61.037079,59.842438,60.275513,59.986561,59.560642,60.745632,61.875908,61.552349,61.306053,61.611092,62.041077,62.758335,62.011559,62.728584,62.8834,63.715557,63.505306,64.24028,64.046928,64.101265,63.391373,64.361328,64.701111,64.725426,65.078758,65.464073,66.505592,65.943336,65.838676,66.747581,67.960594,67.564987,67.408455,68.010948,68.604584,68.750397,69.06813,69.508324,68.389442,65.6604,63.625389,58.210369,52.394936,45.481621,38.425526,32.918522,27.896088,0,0,0,0
0,0,0,0,0,27.64349,28.419525,31.242943,34.097042,37.835487,40.866005,42.525509,44.628704,44.547764,45.063503,46.339653,47.207687,47.04509,46.990967,47.252094,48.030968,48.325741,48.115784,48.712162,48.050915,49.287853,48.792702,48.984322,49.465466,50.27747,50.864891,50.782181,51.415035,52.110737,52.289558,52.780731,52.521568,52.801926,53.461666,53.541836,53.643497,54.051418,54.105244,54.051418,55.107395,56.033546,55.796925,56.392502,56.182465,57.170837,56.204552,57.663746,57.265839,58.193413,58.595646,58.521858,59.256859,59.205379,59.738815,59.325546,60.211861,60.05582,60.269726,59.946182,60.443542,61.060436,61.39394,61.10717,61.241661,60.780556,61.834663,60.530579,62.461258,62.147415,63.361412,63.439327,64.22818,63.391373,63.884106,64.318939,64.361328,64.125427,64.597832,63.583344,64.361328,65.38443,65.543777,67.202217,66.258034,66.097466,66.884369,67.922852,68.598251,68.200012,68.459,68.534927,69.591484,67.847397,64.288681,60.635136,56.077644,49.237183,42.47464,35.731701,30.2215,26.105415,0,0,0,0
0,0,0,0,0,26.576307,28.249428,29.806473,32.278286,36.205975,39.422146,41.816658,43.569397,43.809216,45.16901,45.834293,46.769962,47.21262,47.643013,48.626678,47.647972,48.350773,47.891472,48.506161,47.866592,48.898537,49.206795,48.898537,49.161236,49.893394,49.939384,51.227764,51.24855,51.144676,51.634075,52.179062,52.221138,53.194996,52.733067,52.976978,53.40826,53.296227,53.680984,54.488419,54.126785,54.835346,55.22192,55.714539,55.901398,56.736313,57.680603,57.573917,57.69746,57.204357,57.731182,58.340492,59.091084,59.285473,59.50898,58.862946,60.298672,60.327625,60.298672,60.235004,60.333416,60.258148,61.054596,60.955379,61.781662,60.972878,61.019566,61.587589,62.076508,62.023365,62.8834,63.140018,63.241673,64.004684,63.22971,64.288681,64.524994,64.434029,63.890133,63.469311,64.161682,64.968956,65.304863,64.981155,66.202423,66.567581,66.977745,66.208603,67.583786,68.23156,67.596321,68.718681,68.655273,65.097069,62.740482,58.459473,53.051357,46.222729,39.49295,33.646389,27.910765,0,0,0,0,0
0,0,0,0,0,0,27.170668,28.959063,31.153585,34.342003,37.731907,40.429188,42.655159,43.682156,44.543007,45.689156,46.417709,46.716038,47.484421,46.922138,47.252094,47.514133,47.971153,47.444828,47.464622,47.702568,48.476063,47.662857,48.898537,49.648575,50.380211,50.684074,50.462498,51.103165,52.27903,51.827541,52.569107,52.78603,52.796627,53.992252,53.338886,52.669559,53.312222,53.890156,55.047466,55.298359,54.84621,55.107395,56.464474,57.226707,56.89204,57.372139,57.461761,58.148209,58.346153,59.239697,58.323509,58.550232,59.068245,58.766167,59.543419,59.692799,59.692799,60.745632,60.733994,61.007893,60.914555,61.687511,61.265072,61.288486,62.413815,62.171062,62.609673,62.46719,62.289398,62.431602,62.823822,62.663162,63.086246,63.805813,63.289551,64.15564,63.619381,63.920265,64.034859,63.974529,64.725426,65.38443,65.286507,67.02758,66.971512,67.015121,66.977745,67.164764,66.83461,67.533661,67.408455,63.613377,60.067371,55.539055,49.985401,42.998955,36.484612,30.739645,26.903313,0,0,0,0,0
0,0,0,0,0,0,0,27.159803,30.232965,32.918522,36.450775,39.839195,41.917484,43.302311,44.523975,46.603413,46.076828,46.525166,46.256813,48.095821,47.519085,46.907398,47.514133,47.030323,47.306404,47.390415,47.836742,48.035954,47.921345,48.908627,50.149235,50.550026,51.015022,50.973579,51.524483,51.681091,51.974258,52.484615,52.971668,53.184345,53.376236,53.077938,53.472351,53.397583,54.895119,53.895527,55.785938,55.331142,55.989475,56.342709,56.747425,57.075947,57.456154,58.70929,58.885735,57.838062,58.834473,59.079662,59.068245,59.062534,58.68655,59.125355,59.440147,59.480293,60.090473,60.85627,60.704906,60.978714,60.518967,60.600269,61.71104,61.552349,62.2598,61.976151,63.343441,62.035172,62.919163,61.622845,63.026539,63.104168,63.098194,64.337105,63.397366,62.704788,63.457317,63.487309,64.24028,64.743668,65.017738,66.115982,66.177719,67.083679,66.004959,66.611,67.552452,66.983971,65.103172,62.538403,58.148209,52.738361,46.315281,40.667519,33.593822,28.61986,0,0,0,0,0,0
0,0,0,0,0,0,0,26.795294,29.202591,32.187374,35.161377,38.13419,41.414799,43.026901,44.078197,45.245838,46.461651,46.242203,47.21262,47.836742,46.574062,46.598522,46.471416,46.735641,47.064777,47.996071,47.054932,47.697605,48.245689,48.020996,48.868282,50.051918,50.746021,51.566216,50.601555,50.942509,51.691544,52.780731,52.363308,52.738361,53.264244,53.986877,53.258915,53.552532,53.611382,54.062183,55.577412,55.172821,55.796925,55.895897,56.254261,56.89761,56.853081,57.467365,57.838062,58.397129,59.0397,58.459473,58.98835,58.89143,57.995815,59.028286,58.714977,58.800312,60.067371,59.750324,60.217648,60.275513,61.072117,60.206078,60.670013,60.972878,61.517124,60.57703,61.171467,62.419743,62.218376,63.313499,62.686947,62.907242,62.9967,62.16515,62.627502,62.698841,62.37825,63.032509,64.016754,63.769699,64.500732,65.182571,65.777161,66.586189,66.517982,65.598999,65.974144,65.869446,64.670723,60.107803,55.435032,50.354511,43.461506,36.943165,31.266275,26.874487,0,0,0,0,0,0
0,0,0,0,0,0,0,26.133839,27.617928,30.011713,32.619438,35.602203,39.201355,41.747993,43.250885,44.939011,45.178608,45.994278,46.873016,46.784676,46.412827,47.444828,46.931969,47.271839,46.417709,47.227421,46.877926,47.966171,48.155731,49.034828,49.506119,49.135937,50.144112,50.709881,51.232964,51.524483,51.576653,51.759514,52.484615,53.07262,53.301559,53.296227,53.338886,53.515102,53.63279,54.759331,54.938618,55.533577,55.588371,55.736504,56.176945,57.254658,56.992302,57.198769,56.797459,57.928173,57.787418,58.063511,58.714977,58.419792,58.436794,58.937027,59.125355,57.781796,58.521858,59.434414,59.692799,60.466743,60.263935,59.882767,60.786377,60.067371,61.740459,62.212463,60.536385,61.405663,62.319004,62.36047,61.358776,61.805214,62.336773,62.041077,61.946655,61.611092,63.445324,63.104168,63.433331,63.295536,63.457317,64.23423,65.347694,65.072655,65.549911,64.895836,64.774086,63.271595,61.793434,57.69746,52.892056,47.966171,40.205105,33.861156,28.97402,0,0,0,0,0,0,0
0,0,0,0,0,0,0,0,26.251242,28.186695,31.285725,34.031879,37.499443,39.382351,42.465393,44.800404,45.380478,46.057396,45.994278,46.681744,46.745445,47.158379,46.716038,47.1091,47.163307,46.853374,47.21262,47.811878,48.305721,48.802773,49.044933,50.694397,50.087757,50.416203,50.932156,52.242184,51.963768,52.000484,52.410755,52.67485,53.264244,53.344223,53.579277,53.168377,53.922382,53.831104,54.710499,54.374901,55.020241,54.802757,55.632236,55.665146,56.741871,56.786335,56.95887,57.557083,57.568306,58.057869,58.618362,58.024017,58.18211,58.425461,58.931324,58.732037,60.542191,58.680866,59.131069,58.300869,59.566383,60.513165,60.897064,61.370495,60.786377,61.294342,61.434982,61.611092,61.452576,61.224106,60.699089,61.552349,61.142235,61.628723,61.86412,61.722805,62.746433,60.821316,62.348621,63.361412,62.835735,64.434029,64.137512,64.579613,63.986591,65.48246,63.577339,62.301239,60.142475,54.699654,49.166298,43.555317,35.911762,31.16135,27.141701,0,0,0,0,0,0,0
0,0,0,0,0,0,0,0,0,26.712622,29.787504,32.838623,35.572994,38.40374,41.273785,43.353779,45.053921,45.960312,46.54472,46.222729,46.486073,46.422588,46.76506,46.671947,47.079552,46.966377,47.217556,47.916363,48.631706,49.100533,49.450226,49.929165,49.506119,50.016094,50.751186,51.368176,51.623634,51.864193,52.173805,52.658981,52.521568,53.322887,53.589977,53.48838,53.547184,54.072945,54.748478,54.272327,55.445976,54.813618,55.588371,56.514339,56.691872,56.381432,56.864212,57.467365,57.126171,58.040939,57.579529,57.450554,57.956352,57.871845,58.760479,59.491768,58.87434,59.377098,58.994053,59.457352,59.42868,60.269726,60.43774,60.536385,60.263935,61.311909,61.200706,60.978714,61.317768,61.71104,61.587589,61.540607,61.528862,61.434982,61.042919,60.223431,61.652233,62.117863,62.230209,62.106045,63.181862,64.349213,64.40979,63.421341,64.058998,63.415344,62.171062,60.298672,57.58514,52.173805,46.067112,39.466393,33.271328,28.616142,0,0,0,0,0,0,0,0
0,0,0,0,0,0,0,0,0,26.483234,28.127716,30.921112,33.938332,36.840984,39.484097,42.752552,44.191753,46.98605,45.636009,46.809204,46.76506,46.174061,46.69154,47.911385,47.030323,47.415142,47.901428,48.99947,48.220692,48.848122,48.91367,49.272648,49.55188,50.256939,50.828693,50.885582,51.848484,51.686317,52.394936,51.675865,53.040726,53.141766,53.322887,53.804279,53.793549,53.900898,54.23457,55.123745,55.391273,55.544533,56.691872,55.934414,56.281891,56.458935,56.691872,56.386967,57.142918,57.523426,57.025749,57.154087,57.978901,57.630051,58.272579,58.425461,58.142559,58.84586,58.675182,58.794621,59.131069,60.188728,60.292881,61.183159,60.327625,60.408749,60.932049,60.298672,60.58865,60.862099,60.972878,60.774734,61.593464,60.408749,61.658112,60.547997,61.247513,61.505383,61.799324,63.98056,63.259624,66.041954,63.667458,63.259624,62.794048,62.502789,60.972878,57.540253,54.547943,48.210693,42.202419,36.446545,30.758924,26.619318,0,0,0,0,0,0,0,0
0,0,0,0,0,0,0,0,0,0,26.896105,28.99272,31.809383,34.723598,37.520931,41.14666,43.269581,45.63118,45.669827,47.42009,46.819019,46.505615,46.853374,47.094322,47.519085,47.643013,47.971153,47.474522,48.260693,49.019672,49.501034,49.358849,49.368996,50.405918,50.689236,51.498409,51.258945,52.03722,52.073971,51.232964,52.305355,53.115166,54.499237,52.658981,53.354893,53.531143,54.510059,54.23457,54.98214,55.478817,55.68161,55.972954,55.928913,57.064789,56.165905,56.022526,56.514339,56.747425,56.936588,57.355347,57.260246,57.91127,57.928173,58.323509,58.737724,58.32917,58.493496,59.963482,58.800312,59.251137,59.382828,60.05582,59.710052,61.171467,60.553802,60.553802,60.507359,59.537678,60.891235,61.300198,60.513165,61.294342,61.669872,60.078922,60.902897,60.391361,61.165619,63.098194,62.182888,64.415848,62.520596,63.956436,62.609673,61.417389,58.527531,54.732201,50.808018,43.724483,37.54673,32.112373,28.267893,0,0,0,0,0,0,0,0,0
0,0,0,0,0,0,0,0,0,0,26.261927,27.665409,30.37838,33.275349,35.589684,38.946136,42.771118,44.405151,44.977295,46.212994,46.227596,46.676846,47.563675,47.217556,47.138664,47.355812,47.682713,48.878368,48.692039,48.8582,48.772556,49.156178,49.63839,50.586094,50.477936,50.298008,51.665417,51.321346,51.811836,52.743656,52.43185,52.537411,53.317554,54.304703,53.242931,53.654209,54.337093,54.105244,54.710499,55.096497,55.189182,55.593853,56.298473,55.818909,56.686317,56.403568,56.81414,56.597511,57.523426,57.725563,57.170837,57.450554,57.355347,57.58514,58.052227,58.4538,58.385799,58.612682,58.391464,58.806004,59.371368,59.388557,59.233974,60.044273,59.600842,59.681301,59.940414,60.751453,60.85627,60.478344,60.518967,59.62957,61.705158,60.547997,60.59446,60.524773,61.534733,62.86552,62.005657,62.681,62.342697,62.230209,60.617699,59.359913,55.901398,51.628853,46.73074,40.708069,33.727345,29.375559,0,0,0,0,0,0,0,0,0,0
0,0,0,0,0,0,0,0,0,0,0,26.70903,28.761259,29.874805,33.243187,37.62418,40.361885,42.947742,45.274666,45.650501,45.974865,46.740543,46.706238,47.050011,47.178101,47.504227,47.757202,48.521217,49.00452,49.060093,49.287853,49.668949,50.072395,50.18512,50.380211,51.472347,50.947685,51.196598,51.108353,51.670643,52.400208,52.294827,52.796627,53.189671,52.690723,53.622086,53.997631,54.705078,54.97126,54.954937,54.791901,55.473343,55.57193,55.533577,55.851894,56.797459,56.580868,56.603058,56.91988,57.003452,57.064789,57.557083,57.658131,57.787418,57.61882,57.990177,57.61882,58.012733,58.448132,59.296921,58.697918,59.199661,58.834473,58.908527,60.021183,59.900059,59.434414,58.914227,60.142475,60.670013,61.025402,60.507359,60.670013,60.681644,60.182945,61.517124,61.054596,61.054596,61.893589,62.230209,61.540607,62.182888,58.697918,56.138313,52.458229,47.966171,41.761723,35.669006,30.512634,27.163425,0,0,0,0,0,0,0,0,0,0
0,0,0,0,0,0,0,0,0,0,0,0,27.123606,28.160885,31.394768,35.364773,38.329723,41.537849,43.762131,44.300743,45.684322,46.873016,46.853374,47.158379,47.543854,47.757202,47.613251,48.546314,48.425922,49.156178,49.080311,50.159489,49.440067,49.791294,50.09288,49.898506,50.668598,49.985401,50.668598,51.316143,52.100231,52.913277,52.2001,52.437126,53.397583,53.515102,53.568577,54.710499,54.656281,53.815006,55.227379,54.331696,55.194637,56.292946,55.643204,58.868641,55.813412,55.983967,56.864212,56.176945,56.608604,57.534645,56.869778,58.187759,57.098263,57.2938,57.669365,57.299393,58.675182,58.397129,58.771858,58.85725,58.414127,60.084698,58.607006,59.314095,59.911587,59.773342,59.205379,60.478344,60.304462,60.362385,60.652573,59.721558,60.078922,60.379768,61.306053,61.259216,61.687511,60.431942,59.779099,57.422539,56.636353,52.50045,48.541294,43.13414,37.396389,32.389149,28.083523,0,0,0,0,0,0,0,0,0,0,0
0,0,0,0,0,0,0,0,0,0,0,0,0,27.214144,29.075077,32.822655,35.756794,38.538929,41.977135,44.082924,45.020386,45.366039,46.407948,46.583843,47.484421,47.138664,47.796963,47.926323,48.01601,48.853161,48.621655,48.330746,49.404522,50.144112,49.445145,48.923759,50.169739,49.995632,50.41106,51.441082,51.461922,52.07922,53.046043,52.121243,52.627251,53.136444,53.210972,54.04604,53.863308,53.836472,54.164494,54.748478,54.84621,55.161911,55.961941,55.566448,56.331646,55.074703,55.610302,57.249065,57.098263,56.530968,57.288208,56.675213,56.91431,57.126171,56.580868,57.422539,57.866211,57.731182,58.414127,60.281303,58.368805,58.902828,58.652451,59.199661,59.388557,58.567261,58.680866,60.751453,59.554901,59.738815,59.9981,60.050049,60.194511,60.026955,60.967045,61.611092,60.617699,60.955379,58.754791,55.917904,53.483036,49.475624,43.602268,38.325371,33.432365,29.015169,0,0,0,0,0,0,0,0,0,0,0,0
0,0,0,0,0,0,0,0,0,0,0,0,0,0,27.257656,30.593334,33.227116,37.045506,39.581566,41.337433,44.329205,44.92466,45.897278,46.882839,47.099251,46.476303,46.907398,47.104176,47.598373,48.18071,47.966171,49.470543,48.833004,49.770889,49.257446,49.69442,50.144112,50.477936,50.937332,50.47279,51.061672,51.487984,51.838013,52.65369,52.089725,52.152775,53.376236,53.290897,54.374901,53.386909,53.868679,54.737625,54.97126,54.564182,55.407681,55.047466,55.621269,55.68161,55.791431,56.442322,56.492172,55.978458,55.923409,56.398033,57.182011,56.199028,57.624435,57.120586,57.405735,57.249065,58.069157,57.916904,58.035297,58.063511,58.442463,58.737724,59.148212,59.308369,58.834473,59.216816,59.900059,59.773342,60.1656,59.975021,59.825157,59.652557,60.373974,58.959831,58.743412,58.862946,55.65966,52.315891,49.297993,45.231426,39.267513,33.942394,29.8976,26.669538,0,0,0,0,0,0,0,0,0,0,0,0
0,0,0,0,0,0,0,0,0,0,0,0,0,0,0,28.072481,31.033361,33.970856,37.12664,40.173794,42.105778,44.054562,45.322742,46.320156,46.076828,46.510502,46.388428,48.090828,47.826794,47.801933,48.140751,48.380825,48.150738,49.663853,48.807812,50.344238,49.597668,49.65876,50.128738,50.550026,50.911453,51.665417,51.43066,51.853722,52.11599,52.479336,53.63279,52.57439,53.959999,52.511009,53.493725,54.142944,54.374901,54.640018,54.499237,54.629181,54.916866,54.74305,54.97126,56.204552,55.445976,56.132797,55.725521,56.780777,56.675213,56.364834,56.492172,56.138313,56.525421,57.131752,57.310581,57.764919,57.551472,57.866211,57.764919,57.990177,57.540253,57.922539,58.459473,58.840164,59.6698,58.58429,59.359913,58.419792,60.333416,58.862946,59.572124,58.908527,57.804298,56.997875,52.934505,48.974224,43.936504,40.505543,35.639771,30.554892,27.308462,0,0,0,0,0,0,0,0,0,0,0,0,0
0,0,0,0,0,0,0,0,0,0,0,0,0,0,0,26.579889,28.701679,31.041109,34.444355,37.284927,40.012981,42.567154,44.296001,45.212215,45.790722,46.500729,46.525166,46.403069,47.296528,47.742298,47.991085,48.873325,48.676952,48.90358,49.516285,49.191605,48.964127,49.648575,50.333961,50.123615,50.647964,50.839035,50.519123,50.751186,51.906105,52.426575,52.45295,52.780731,52.743656,52.67485,52.7066,53.429619,53.793549,53.772095,53.798912,53.981499,54.434341,54.531704,54.954937,55.303822,54.705078,55.544533,55.456921,55.917904,56.398033,56.022526,56.292946,55.901398,56.028038,55.818909,56.481091,56.453396,57.277023,57.372139,57.075947,57.708698,57.377739,57.500999,57.871845,58.363144,58.834473,59.182507,59.011169,58.885735,58.334831,58.346153,58.414127,57.081524,55.758469,53.01947,48.984322,44.781307,40.18721,35.752613,31.010118,27.687338,0,0,0,0,0,0,0,0,0,0,0,0,0,0
0,0,0,0,0,0,0,0,0,0,0,0,0,0,0,0,26.896105,29.000202,31.817234,34.011532,37.182213,40.03083,42.571785,44.543007,44.852947,46.091404,45.921516,46.295784,46.922138,47.851665,47.762173,47.237289,48.325741,48.120777,48.938896,49.374069,49.541706,49.490871,49.404522,49.445145,49.541706,50.231281,50.251808,51.51405,51.155056,52.373848,52.405479,53.024784,52.971668,53.099209,52.945122,53.120483,53.483036,52.860233,54.261536,53.280235,53.809643,54.019142,55.058361,54.304703,54.483009,54.218391,54.726772,55.287437,55.380337,55.928913,55.227379,55.901398,56.254261,56.3759,56.204552,56.614155,56.061104,56.964439,56.747425,56.936588,57.607594,57.478573,58.136909,58.697918,57.894371,58.436794,57.956352,57.871845,57.900002,58.176456,56.575321,55.249214,52.637825,50.364792,45.669827,39.76358,35.552143,30.44355,27.275795,0,0,0,0,0,0,0,0,0,0,0,0,0,0,0
0,0,0,0,0,0,0,0,0,0,0,0,0,0,0,0,0,27.384758,29.251421,31.274054,34.088894,37.883015,40.164848,41.958775,44.314972,44.962936,45.737503,46.105984,46.593628,48.120777,46.77977,47.61821,47.777081,49.343628,48.586487,48.692039,49.044933,48.99947,49.526455,50.005863,49.455303,49.445145,50.586094,50.256939,51.170631,51.196598,51.399414,51.347359,52.342232,52.43185,52.063469,52.812523,52.966358,53.745289,53.152409,52.913277,53.349556,53.520451,54.23996,54.116013,54.256142,53.756012,54.159103,54.585846,54.78104,55.956436,54.9767,55.303822,55.205551,55.107395,55.73101,55.637718,55.621269,56.215595,55.939919,56.270836,56.359303,56.3759,57.360943,57.226707,57.025749,57.71994,57.832436,57.467365,57.165253,56.006001,53.938503,51.911346,48.782627,45.07309,40.541504,35.260918,30.751211,27.293941,0,0,0,0,0,0,0,0,0,0,0,0,0,0,0,0
0,0,0,0,0,0,0,0,0,0,0,0,0,0,0,0,0,0,26.892502,28.776163,31.617365,34.682457,37.939228,40.366371,41.715977,43.898766,45.025177,44.92466,46.72094,46.237335,46.525166,47.459671,47.37064,47.608292,47.752235,47.717464,48.481079,48.923759,49.323341,49.12582,49.577312,50.108246,49.618027,50.174866,50.97876,51.097977,51.025387,51.409828,51.958527,51.077229,52.031971,52.310623,52.137009,52.489891,52.791328,52.796627,52.791328,52.817822,53.450981,52.987598,54.067562,53.970749,54.121399,54.342495,54.137558,54.965816,54.591259,54.558769,54.987583,55.2929,55.194637,55.281975,55.347538,55.227379,55.884895,56.24321,56.006001,56.936588,56.287418,55.945423,56.619705,56.425713,56.061104,55.080151,55.342072,53.205647,51.43066,48.757454,44.125488,40.120148,34.838943,30.647196,27.290312,0,0,0,0,0,0,0,0,0,0,0,0,0,0,0,0,0
0,0,0,0,0,0,0,0,0,0,0,0,0,0,0,0,0,0,0,26.881691,28.951586,31.617365,34.354279,36.696503,39.285168,41.237438,43.503704,45.010807,45.241032,46.627884,46.647465,46.618095,47.252094,46.907398,47.553764,47.628128,48.476063,49.161236,49.394371,48.656837,48.536274,48.712162,50.179993,50.591248,50.27747,49.872963,50.364792,50.544872,50.36993,51.796135,51.754284,52.722481,51.524483,51.728134,51.701996,51.602749,52.147522,52.780731,52.442398,52.063469,53.237602,53.168377,52.987598,53.895527,53.831104,54.493828,54.067562,54.683384,54.715923,53.515102,54.54253,55.396744,54.949497,54.645439,55.134647,55.391273,55.533577,55.336605,56.121765,56.265312,55.648689,54.889683,54.965816,54.326298,53.088573,51.540127,47.509178,43.400597,38.893456,34.735947,30.462732,27.076584,0,0,0,0,0,0,0,0,0,0,0,0,0,0,0,0,0,0
0,0,0,0,0,0,0,0,0,0,0,0,0,0,0,0,0,0,0,0,26.62649,28.304838,30.612564,33.614037,37.032703,39.39119,41.428459,43.152805,44.614414,45.810085,46.042824,45.761688,47.37064,46.706238,47.015564,46.559387,47.538898,47.573589,47.578545,49.070202,48.898537,48.893494,49.166298,50.016094,49.898506,48.843082,50.149235,49.440067,50.390491,50.808018,51.040936,51.524483,52.247448,52.158031,51.911346,50.942509,51.717678,51.827541,52.310623,52.680141,52.242184,51.681091,52.950428,52.823124,53.306889,53.370899,53.397583,53.664917,53.976124,53.32822,54.142944,54.612926,54.645439,55.287437,54.802757,55.101944,54.938618,55.183727,54.591259,54.916866,55.00391,54.445156,53.63279,51.785671,49.242249,47.355812,42.38224,38.779449,33.897701,29.859613,26.608561,0,0,0,0,0,0,0,0,0,0,0,0,0,0,0,0,0,0,0
0,0,0,0,0,0,0,0,0,0,0,0,0,0,0,0,0,0,0,0,0,26.05571,28.25312,30.175665,33.154839,35.983089,38.238403,40.888596,43.082832,43.513088,44.862507,45.587727,46.169197,46.76506,46.422588,46.412827,47.094322,47.946243,47.722431,48.075859,48.025982,48.205696,49.262512,48.516197,49.323341,49.440067,50.031445,49.308132,49.724998,49.811703,50.839035,51.759514,51.118729,51.81707,51.232964,50.859718,51.576653,52.511009,52.643112,51.660194,52.484615,52.031971,52.521568,53.354893,52.791328,52.75425,53.104527,53.216297,53.392246,53.552532,53.040726,52.992908,53.579277,53.477692,54.126785,53.852573,53.659561,53.884785,53.815006,53.552532,53.392246,52.284294,50.098,47.415142,44.929443,42.059807,37.246391,32.846607,29.165058,26.322519,0,0,0,0,0,0,0,0,0,0,0,0,0,0,0,0,0,0,0,0
0,0,0,0,0,0,0,0,0,0,0,0,0,0,0,0,0,0,0,0,0,0,0,27.654448,29.477327,32.037468,34.682457,38.017143,39.972839,42.22084,43.339737,44.272297,45.476799,45.689156,46.305531,47.15345,46.784676,46.927055,46.534943,47.118954,47.643013,47.207687,47.509178,47.841717,48.050915,48.822926,48.73732,48.757454,49.343628,49.105591,49.577312,50.349373,50.885582,50.421345,50.267204,51.113541,50.673756,50.958042,51.284939,50.808018,52.121243,51.764744,52.215878,51.654968,51.764744,52.632538,53.32822,52.966358,52.384392,52.770138,52.902668,53.831104,53.184345,52.934505,53.381573,53.472351,53.115166,53.4403,52.801926,52.089725,50.498528,48.581463,46.203259,43.124805,39.21899,35.568825,31.320753,28.212519,0,0,0,0,0,0,0,0,0,0,0,0,0,0,0,0,0,0,0,0,0,0
0,0,0,0,0,0,0,0,0,0,0,0,0,0,0,0,0,0,0,0,0,0,0,0,27.148941,28.746359,31.386972,33.609993,36.611664,38.355839,41.173882,42.326862,43.405281,45.370853,45.20261,45.708492,45.970016,46.339653,46.393307,46.696438,47.301468,47.454723,47.647972,48.646786,48.536274,48.732288,47.951225,48.456001,48.888451,49.221985,50.031445,50.098,50.09288,50.210762,50.128738,50.375069,50.41106,50.663437,50.642803,50.601555,51.467133,51.352562,51.43066,50.937332,51.885147,51.69677,51.838013,51.728134,51.681091,52.11599,52.463505,52.33696,52.43185,52.43185,52.621964,52.542694,51.984749,51.749054,50.73053,48.491112,46.804298,43.945942,41.160271,38.021477,33.913952,30.168028,27.333881,0,0,0,0,0,0,0,0,0,0,0,0,0,0,0,0,0,0,0,0,0,0,0
0,0,0,0,0,0,0,0,0,0,0,0,0,0,0,0,0,0,0,0,0,0,0,0,0,26.619318,27.844744,29.992678,32.428791,34.810089,37.473663,39.329327,41.232895,43.087494,43.950661,44.633469,45.481621,45.255447,46.028255,45.926365,46.208126,46.227596,46.613201,46.539829,48.621655,48.621655,47.727398,48.170719,47.528992,47.936283,48.496128,49.404522,49.69442,50.138988,49.470543,49.541706,49.714806,50.447063,49.939384,50.313416,50.844204,51.560997,51.004662,50.601555,50.932156,50.678917,50.78735,51.785671,51.425453,51.969013,51.801369,51.368176,51.660194,51.806602,51.227764,50.622177,50.154362,48.536274,47.222488,45.332363,41.428459,39.161686,35.698257,31.868288,28.813442,26.397461,0,0,0,0,0,0,0,0,0,0,0,0,0,0,0,0,0,0,0,0,0,0,0,0
0,0,0,0,0,0,0,0,0,0,0,0,0,0,0,0,0,0,0,0,0,0,0,0,0,0,0,26.70903,28.649599,31.242943,33.03056,35.136517,37.60696,39.665852,41.423904,42.405331,43.602268,44.476421,44.843391,45.607037,46.115707,46.769962,46.242203,46.373795,47.55872,47.15345,47.227421,47.528992,47.931301,47.489372,48.380825,48.948986,49.38422,48.190704,48.762489,48.8582,49.211857,49.475624,49.827015,49.970058,50.973579,49.918941,50.02121,50.880409,51.399414,49.964947,51.279739,50.323689,50.174866,50.952866,50.890755,50.766682,51.222569,50.282604,49.156178,48.656837,46.976212,44.967724,42.483883,40.133556,36.552341,33.018543,30.156576,27.88875,0,0,0,0,0,0,0,0,0,0,0,0,0,0,0,0,0,0,0,0,0,0,0,0,0,0
0,0,0,0,0,0,0,0,0,0,0,0,0,0,0,0,0,0,0,0,0,0,0,0,0,0,0,0,0,27.268538,29.439615,31.274054,33.134777,35.514626,37.731907,39.585999,40.595482,42.078194,42.910522,43.927067,43.898766,46.18866,45.510544,45.390102,46.037968,46.407948,46.310406,47.301468,46.667049,46.637672,47.687675,48.676952,48.330746,48.225689,47.976135,48.150738,48.516197,48.06588,48.491112,48.697071,48.73732,49.308132,49.531536,49.663853,49.414677,50.570633,49.990517,48.661865,50.098,49.429909,49.18148,48.948986,48.621655,48.025982,46.632778,44.786079,42.696884,39.843647,36.62014,33.840866,30.589489,27.97319,26.116072,0,0,0,0,0,0,0,0,0,0,0,0,0,0,0,0,0,0,0,0,0,0,0,0,0,0,0
0,0,0,0,0,0,0,0,0,0,0,0,0,0,0,0,0,0,0,0,0,0,0,0,0,0,0,0,0,0,26.383179,27.88875,29.319099,31.087626,34.645451,34.252071,37.135185,38.950531,40.093342,41.578915,43.003609,43.513088,44.45266,45.974865,45.549126,46.193523,45.63118,46.539829,46.266556,45.965164,47.543854,47.971153,47.548809,48.546314,47.861614,48.080849,47.911385,48.596531,48.370808,48.265694,48.536274,48.435947,48.621655,48.928802,49.065147,48.42091,48.979271,48.205696,48.135757,47.956207,47.434933,46.725842,45.183411,43.036221,41.251064,39.100033,36.176495,33.082645,31.103138,27.995239,26.454628,0,0,0,0,0,0,0,0,0,0,0,0,0,0,0,0,0,0,0,0,0,0,0,0,0,0,0,0,0
0,0,0,0,0,0,0,0,0,0,0,0,0,0,0,0,0,0,0,0,0,0,0,0,0,0,0,0,0,0,0,0,26.002504,27.639837,28.738909,30.317108,32.452591,35.289982,36.125984,38.212334,39.078026,41.046944,42.137978,43.64455,43.809216,43.715073,44.428902,44.676357,45.447891,45.438255,46.261684,46.028255,46.931969,47.499275,47.202755,46.887749,47.197823,47.861614,47.881519,48.46603,47.538898,47.806904,47.77211,47.603333,47.42009,46.799393,46.971294,46.784676,45.217018,44.23912,43.176144,41.995499,39.422146,38.82766,35.206982,32.822655,30.103163,27.855742,0,0,0,0,0,0,0,0,0,0,0,0,0,0,0,0,0,0,0,0,0,0,0,0,0,0,0,0,0,0,0,0
0,0,0,0,0,0,0,0,0,0,0,0,0,0,0,0,0,0,0,0,0,0,0,0,0,0,0,0,0,0,0,0,0,0,0,27.065739,27.680027,29.458467,31.153585,32.627396,34.777126,36.560814,38.051804,39.430992,40.205105,41.41935,41.702259,43.61636,43.297634,44.101841,44.243858,45.611866,45.611866,45.337173,45.563599,47.010643,45.882736,45.785885,45.693989,45.660164,45.640839,45.62635,45.293896,45.520187,45.183411,43.804504,43.358459,42.326862,40.640495,39.546104,37.220711,35.748428,33.432365,32.151836,29.428307,27.501221,26.034422,0,0,0,0,0,0,0,0,0,0,0,0,0,0,0,0,0,0,0,0,0,0,0,0,0,0,0,0,0,0,0,0,0
0,0,0,0,0,0,0,0,0,0,0,0,0,0,0,0,0,0,0,0,0,0,0,0,0,0,0,0,0,0,0,0,0,0,0,0,0,0,27.156183,28.194073,29.75338,31.025612,33.078636,33.942394,35.497959,37.736217,38.064804,39.320492,39.683613,40.717087,41.505924,42.520882,42.780403,42.910522,43.115479,44.082924,42.73399,43.710369,43.484947,43.438072,42.631989,42.133377,41.679401,40.924755,40.25882,38.75317,37.701725,35.903378,34.995823,33.106701,31.441561,29.46224,27.874077,26.579889,0,0,0,0,0,0,0,0,0,0,0,0,0,0,0,0,0,0,0,0,0,0,0,0,0,0,0,0,0,0,0,0,0,0,0,0
0,0,0,0,0,0,0,0,0,0,0,0,0,0,0,0,0,0,0,0,0,0,0,0,0,0,0,0,0,0,0,0,0,0,0,0,0,0,0,0,26.126732,26.64801,28.112982,29.488646,30.88632,31.254608,32.838623,33.416241,34.489441,35.577168,36.311378,37.032703,37.576839,38.221024,38.186275,38.512741,38.586964,38.147205,38.364544,37.422138,37.697414,36.526936,36.020885,35.161377,33.918015,32.730927,31.672165,30.24061,29.000202,28.06144,26.258366,0,0,0,0,0,0,0,0,0,0,0,0,0,0,0,0,0,0,0,0,0,0,0,0,0,0,0,0,0,0,0,0,0,0,0,0,0,0,0
0,0,0,0,0,0,0,0,0,0,0,0,0,0,0,0,0,0,0,0,0,0,0,0,0,0,0,0,0,0,0,0,0,0,0,0,0,0,0,0,0,0,0,0,26.612146,27.134462,28.216208,28.493641,29.319099,30.328592,30.674145,31.390869,31.962656,32.250603,32.492275,33.182934,32.159733,32.794724,32.520069,31.840792,31.149704,30.593334,30.030754,29.202591,27.918106,27.141701,26.379608,0,0,0,0,0,0,0,0,0,0,0,0,0,0,0,0,0,0,0,0,0,0,0,0,0,0,0,0,0,0,0,0,0,0,0,0,0,0,0,0,0,0,0
0,0,0,0,0,0,0,0,0,0,0,0,0,0,0,0,0,0,0,0,0,0,0,0,0,0,0,0,0,0,0,0,0,0,0,0,0,0,0,0,0,0,0,0,0,0,0,0,0,26.297562,26.204962,0,27.145321,26.504698,27.432041,27.406576,27.544956,27.134462,26.98988,26.870884,26.361761,0,0,0,0,0,0,0,0,0,0,0,0,0,0,0,0,0,0,0,0,0,0,0,0,0,0,0,0,0,0,0,0,0,0,0,0,0,0,0,0,0,0,0,0,0,0,0,0,0
0,0,0,0,0,0,0,0,0,0,0,0,0,0,0,0,0,0,0,0,0,0,0,0,0,0,0,0,0,0,0,0,0,0,0,0,0,0,0,0,0,0,0,0,0,0,0,0,0,0,0,0,0,0,0,0,0,0,0,0,0,0,0,0,0,0,0,0,0,0,0,0,0,0,0,0,0,0,0,0,0,0,0,0,0,0,0,0,0,0,0,0,0,0,0,0,0,0,0,0,0,0,0,0,0,0,0,0,0,0
0,0,0,0,0,0,0,0,0,0,0,0,0,0,0,0,0,0,0,0,0,0,0,0,0,0,0,0,0,0,0,0,0,0,0,0,0,0,0,0,0,0,0,0,0,0,0,0,0,0,0,0,0,0,0,0,0,0,0,0,0,0,0,0,0,0,0,0,0,0,0,0,0,0,0,0,0,0,0,0,0,0,0,0,0,0,0,0,0,0,0,0,0,0,0,0,0,0,0,0,0,0,0,0,0,0,0,0,0,0